Date,Price_EUR_MWh,NOK_EUR,Brent_Oil,Avg_Temp
2020-01-01,30.93625,0.1015362433620681,68.97,3.58
2020-01-02,30.8225,0.1017739194154106,68.25,4.74
2020-01-03,29.2075,0.1014044516554277,70.28,3.46
2020-01-06,30.432916666666667,0.101579562192087,71.45,0.2250000000000001
2020-01-07,29.60333333333333,0.1012586449568132,69.64,3.4
2020-01-08,26.707083333333333,0.1014991423322473,68.33,5
2020-01-09,27.46125,0.1013664193326035,67.98,-0.41999999999999993
2020-01-10,28.05666666666667,0.1011971624315654,68.17,-6.640000000000001
2020-01-13,26.988333333333333,0.1009693053311793,64.24,-0.3500000000000001
2020-01-14,24.5025,0.1012965964343598,64.18,3.1999999999999997
2020-01-15,24.629583333333333,0.1012207219061886,62.87,2.775
2020-01-16,24.49875,0.1010693133350852,64.93,4.08
2020-01-17,24.449583333333333,0.1012237956898908,64.35,4.36
2020-01-20,22.918333333333333,0.1009764421960357,64.93,6.025
2020-01-21,21.074166666666667,0.1003190144660019,63.96,5.2
2020-01-22,21.7125,0.1004026144840812,62.41,1.04
2020-01-23,20.75625,0.1005520306482589,61.56,2.54
2020-01-24,19.964166666666667,0.1003129764866383,59.64,3.425
2020-01-27,20.784166666666668,0.09926642114771836,58.84,2.8000000000000003
2020-01-28,21.0725,0.09955201592832257,59.82,-0.050000000000000024
2020-01-29,21.017083333333332,0.09915913057274314,60.06,0.33999999999999997
2020-01-30,21.034166666666668,0.09874300158976232,58.32,-1.84
2020-01-31,18.8125,0.09786651008025052,58.37,-0.21999999999999997
2020-02-03,18.723333333333333,0.0974089226573154,54.6,-4.82
2020-02-04,18.845,0.09832745007423722,54.5,-4.640000000000001
2020-02-05,17.112083333333334,0.09872642906506073,55.96,-0.39999999999999997
2020-02-06,16.388333333333332,0.0987868969059944,55.78,1.46
2020-02-07,16.1475,0.09824147755182236,55.13,-1.56
2020-02-10,12.010833333333332,0.09866992935233058,53.99,3.84
2020-02-11,12.687916666666666,0.09904520423121112,54.6,0.36
2020-02-12,13.139166666666666,0.09969692135906844,56.14,0.18
2020-02-13,13.509166666666667,0.09970288540150352,56.94,-1.04
2020-02-14,13.219166666666666,0.0998362685196278,57.97,-3.04
2020-02-17,10.750833333333333,0.09971680427585657,58.68,4.9
2020-02-18,10.775833333333333,0.09932360624149542,58.2,4.02
2020-02-19,11.03,0.09980537950995558,60.57,0.14000000000000007
2020-02-20,10.181666666666667,0.09950248756218905,60.94,1.16
2020-02-21,9.113333333333333,0.0994045666457917,59.55,3.2
2020-02-24,10.033333333333333,0.0984688100044311,57.04,-1.0799999999999998
2020-02-25,10.142083333333334,0.09818360333824253,57.07,-3.1999999999999997
2020-02-26,10.304583333333333,0.09784448597399294,55.96,-6.2
2020-02-27,11.16,0.09679605072113058,53.19,-7.279999999999999
2020-02-28,10.846666666666668,0.09656051447442111,52.31,-4.16
2020-03-02,10.335,0.0966762698428044,52.65,2.2199999999999998
2020-03-03,9.857916666666666,0.09650274067783526,52.37,0.58
2020-03-04,9.934166666666666,0.09703085581214826,51.99,-0.34
2020-03-05,10.189166666666667,0.09584052137243627,51.64,-2.3
2020-03-06,11.479583333333334,0.095831336847149,46.15,-4.28
2020-03-09,10.00375,0.09128335265497632,35.88,3.66
2020-03-10,9.6225,0.09237021984112322,36.12,1.6
2020-03-11,9.055,0.09158347834050735,35.38,3.9
2020-03-12,8.519166666666667,0.08812280794515237,31.57,2.06
2020-03-13,8.30875,0.0898876404494382,32.7,-0.82
2020-03-16,8.242916666666666,0.08700191404210893,28.43,3.14
2020-03-17,7.505833333333333,0.08670770831526924,28.42,5.38
2020-03-18,6.87375,0.08105041335710812,23.24,4.3
2020-03-19,7.005416666666667,0.08313934153641503,24.43,2.375
2020-03-20,7.555,0.07895152376440866,26,0.675
2020-03-23,7.605416666666667,0.08052826542116283,22.3,2.55
2020-03-24,6.904583333333333,0.0833104229670174,25.25,3.8
2020-03-25,6.653333333333333,0.0854920064973925,25.1,5.675
2020-03-26,6.675833333333333,0.08697164724299879,25.09,4.825
2020-03-27,6.179583333333333,0.0855981168414295,20.32,2.92
2020-03-30,6.395416666666667,0.0859106529209622,15.62,0.5
2020-03-31,5.246666666666667,0.08710042679209128,15.51,3.54
2020-04-01,4.95375,0.08722958827634333,11.28,4.66
2020-04-02,4.567916666666667,0.08865405414989627,15,2.46
2020-04-03,4.04875,0.08731336767659129,19.25,1.36
2020-04-06,4.373333333333333,0.08890469416785207,17.94,7.28
2020-04-07,4.430416666666667,0.08927136710171579,19.81,7.46
2020-04-08,4.554583333333333,0.08983111749910169,20.97,6.56
2020-04-09,4.6241666666666665,0.08934953538241601,18.72,4.32
2020-04-14,4.67875,0.08832361773538244,18.83,3.35
2020-04-15,4.52875,0.08722882738287349,15.78,8.85
2020-04-16,4.524583333333333,0.0882347750895583,14.78,4.7
2020-04-17,4.9225,0.08902658333778467,16.15,3.1
2020-04-20,5.0175,0.08802816901408451,17.36,8.275
2020-04-21,4.639166666666666,0.08648274669203493,5.62,9.775
2020-04-22,5.207916666666667,0.08581260243879417,9.97,10.45
2020-04-23,4.949583333333333,0.0872539438782633,12.49,9.525
2020-04-24,4.852083333333333,0.0870337168619123,12.3,6.55
2020-04-27,5.30375,0.08789277081960009,10.7,4.1499999999999995
2020-04-28,5.4575,0.08885097913779011,11.57,2.75
2020-04-29,5.346666666666667,0.08912020533295309,14.13,3.55
2020-04-30,5.164166666666667,0.08907098957869422,14.83,3.825
2020-05-01,5.114583333333333,0.08806693086745926,14.86,4.275
2020-05-04,6.647083333333333,0.08877052818464269,15.74,4.54
2020-05-05,6.992083333333333,0.08988844843549156,20.88,6.58
2020-05-06,6.95375,0.09010632546404757,20.11,8.82
2020-05-07,7.8525,0.09005763688760808,21.97,8
2020-05-11,8.106666666666667,0.08981175456243713,23.43,3.54
2020-05-12,10.1925,0.0906256796925977,25.11,2.72
2020-05-13,14.276666666666667,0.09090909090909093,28.17,4.32
2020-05-14,14.621666666666666,0.09115770282588878,28.56,4.26
2020-05-15,12.792916666666667,0.09032770892799076,29.8,5.78
2020-05-18,13.36375,0.09136258154110403,33.78,7.64
2020-05-19,12.490416666666667,0.09174227759378356,32.6,8.44
2020-05-20,10.167083333333334,0.0919379602644136,34.4,9.14
2020-05-21,8.592083333333333,0.09189233893570292,34.58,11.14
2020-05-22,7.312083333333334,0.09168087720263308,33.21,11.62
2020-05-26,1.5441666666666667,0.09202171712524156,33.32,12.68
2020-05-27,1.7895833333333333,0.09208951100469656,32.31,11.879999999999999
2020-05-28,2.0866666666666664,0.09232757824762255,33.2,11.24
2020-05-29,2.4316666666666666,0.09271277582050808,33.61,13.48
2020-06-01,1.9029166666666666,0.0934361130576968,35.67,18.240000000000002
2020-06-02,1.5291666666666668,0.0937875150060024,36.88,17.240000000000002
2020-06-03,1.4320833333333334,0.09412650602409638,36.92,15.52
2020-06-04,1.6133333333333333,0.09423294383716548,37.11,14.4
2020-06-05,1.5441666666666667,0.09515381614379644,40.94,11.58
2020-06-08,1.7795833333333333,0.09555661729574771,40.27,11.2
2020-06-09,1.7129166666666666,0.09507510933637572,40.2,12.74
2020-06-10,1.8391666666666666,0.0946611132146914,40.6,14.94
2020-06-11,1.7854166666666667,0.09199632014719412,38.33,17.96
2020-06-12,1.37125,0.09210223347916188,38.9,19.04
2020-06-15,1.4725,0.09258401999814832,39.14,20.080000000000002
2020-06-16,1.4725,0.09282120778955576,40.7,20.4
2020-06-17,1.6741666666666666,0.09346493195752954,41.03,19.48
2020-06-18,1.5141666666666667,0.09344484418072234,42.25,20.56
2020-06-19,1.4533333333333334,0.09282206937521464,43.49,22.28
2020-06-22,1.40875,0.09257716306541502,43.68,15.575
2020-06-23,1.4375,0.09297136481963555,44.42,18.32
2020-06-24,1.4845833333333334,0.0918864283745291,41.51,20.62
2020-06-25,1.4375,0.09223390518354546,41.78,21.2
2020-06-26,1.45,0.09169348701161756,41.52,22.02
2020-06-29,1.0829166666666667,0.0919793966151582,42.12,15.45
2020-06-30,1.1266666666666667,0.09249838127832764,42.51,13.425
2020-07-01,1.1375,0.0934361130576968,43.07,12.3
2020-07-02,1.37625,0.09328358208955224,43.67,12.66
2020-07-03,1.2408333333333332,0.09369085764611088,43.97,10.88
2020-07-06,0.9120833333333334,0.0941566389846148,43.91,12.22
2020-07-07,1.0541666666666667,0.09340992947550324,44.37,10.42
2020-07-08,1.34125,0.09406452826639074,44.22,11.4
2020-07-09,1.5733333333333333,0.09359527531050232,43.17,12.2
2020-07-10,1.5716666666666668,0.0936855911560802,43.72,12.06
2020-07-13,1.57875,0.09326009307357289,44.13,13.92
2020-07-14,1.5616666666666668,0.09348415443582314,43.93,13.14
2020-07-15,1.5654166666666667,0.09454029780193808,44.51,15.3
2020-07-16,1.5550000000000002,0.09436633009342268,44.75,15.5
2020-07-17,1.5333333333333334,0.09412650602409638,44.28,16
2020-07-20,1.5070833333333333,0.0946396123561478,43.56,14.44
2020-07-21,1.5150000000000001,0.09520817266954196,45.21,12.24
2020-07-22,1.5279166666666666,0.09436633009342268,43.67,12.040000000000001
2020-07-23,1.58,0.09348590232592924,44.32,12.44
2020-07-24,1.5379166666666666,0.09366804046459348,43.73,12.76
2020-07-27,1.5141666666666667,0.09360228389572706,43.12,15.92
2020-07-28,1.4224999999999999,0.09361542782250516,43.74,13.94
2020-07-29,1.1858333333333333,0.09396111888900371,44.21,13.825
2020-07-30,1.2554166666666666,0.09300595238095236,43.14,15.8
2020-07-31,1.3283333333333334,0.0930960005958144,43.79,18.32
2020-08-03,1.3129166666666667,0.09310120100549298,44.47,14.42
2020-08-04,1.27875,0.09314369277484374,44.55,13.66
2020-08-05,1.1291666666666667,0.09418324291742014,46.2,13.379999999999999
2020-08-06,1.2525,0.09391787820729554,45.69,17.98
2020-08-07,1.2808333333333333,0.09379279296178882,44.55,19.42
2020-08-10,1.0533333333333332,0.09432182607055271,43.79,16.58
2020-08-11,1.5679166666666666,0.094553706505295,44,18.3
2020-08-12,1.88,0.0948136910969944,45.9,18.7
2020-08-13,2.1870833333333333,0.09530162965786716,45.95,18
2020-08-14,2.5183333333333335,0.09500826571911757,45.57,18.76
2020-08-17,3.412916666666667,0.09521361173793404,45.33,18.78
2020-08-18,4.35625,0.0947238798901203,45.92,19.16
2020-08-19,4.030833333333334,0.09462528387585165,45.84,17.9
2020-08-20,3.609166666666667,0.09453940402359703,45.16,17.82
2020-08-21,3.8425000000000002,0.0940822278671559,44.14,17.32
2020-08-24,3.6620833333333334,0.09419743782969103,44.93,11.35
2020-08-25,4.447916666666667,0.09436276822616868,46.81,11.55
2020-08-26,5.252916666666667,0.0951022349025202,46.54,11.08
2020-08-27,6.37,0.09490367277213628,45.34,11.88
2020-08-28,8.3025,0.09549274255156608,45.85,12.139999999999999
2020-08-31,15.02875,0.09593246354566386,NA,10.24
2020-09-01,17.71875,0.09587176193124076,45.66,11.28
2020-09-02,18.217083333333335,0.09547177377008488,44.66,12.36
2020-09-03,16.814583333333335,0.09463423866754991,41.74,12.774999999999999
2020-09-04,16.359166666666667,0.0946718673079108,40.72,14
2020-09-07,12.65625,0.09469427951857429,40.05,10.04
2020-09-08,11.542083333333334,0.09302498651137696,37.99,13.84
2020-09-09,11.7625,0.09394964299135664,39.8,11.64
2020-09-10,11.640833333333333,0.09328358208955224,39.5,9.26
2020-09-11,11.907916666666667,0.09343698609657648,38.93,9.62
2020-09-14,12.3875,0.09324009324009323,38.42,14.36
2020-09-15,12.130416666666667,0.09346667912889056,38.99,13.719999999999999
2020-09-16,11.362916666666667,0.0938174312787316,40.48,11.24
2020-09-17,10.467083333333333,0.09327488107452662,41.94,8.14
2020-09-18,8.56375,0.0928798320732636,41.98,12.06
2020-09-21,6.9025,0.09149130832570906,39.73,14.02
2020-09-22,6.514583333333333,0.09134088417975886,40.75,12.22
2020-09-23,6.61125,0.09035790767228996,41.29,13.32
2020-09-24,5.86,0.09020548810189612,40.96,11.66
2020-09-25,4.867083333333333,0.0898101413611625,40.84,9.06
2020-09-28,1.9316666666666666,0.09038812661568776,41.39,11.4
2020-09-29,1.9741666666666666,0.09040201777303668,40.36,11.66
2020-09-30,1.9166666666666665,0.09143358721392716,40.19,11.4
2020-10-01,2.3958333333333335,0.09150972748403156,39.14,11.16
2020-10-02,3.35625,0.09158347834050735,38.5,12.04
2020-10-05,5.72625,0.09216589861751152,40.02,11
2020-10-06,6.16125,0.09099181073703366,41.11,9.56
2020-10-07,6.6225,0.09138261902586128,40.2,10.12
2020-10-08,7.91375,0.09179364787956672,41.56,9.66
2020-10-09,11.307083333333333,0.09250693802035152,41.93,8.38
2020-10-12,17.860416666666666,0.09266638248976036,40.12,5.0200000000000005
2020-10-13,18.649166666666666,0.0921064750851985,40.96,4.54
2020-10-14,19.545,0.09213447948625816,41.02,3.3
2020-10-15,19.38083333333333,0.09135256609358156,40.34,4.6
2020-10-16,25.519166666666667,0.09101251422070536,40.85,4.52
2020-10-19,25.80375,0.09111617312072894,41.42,1.16
2020-10-20,19.546666666666667,0.09109127345600292,40.64,2.12
2020-10-21,17.67,0.09141603437242891,39.92,4.78
2020-10-22,14.200416666666667,0.09146703985218926,41.33,6.0200000000000005
2020-10-23,19.735416666666666,0.09141603437242891,40.86,2.56
2020-10-26,14.295,0.0916254352208173,38.44,6.04
2020-10-27,13.1775,0.09232757824762255,39.05,6.32
2020-10-28,9.861666666666666,0.09085127646043428,37.11,6.859999999999999
2020-10-29,10.984583333333333,0.08979885057471265,35.4,5.25
2020-10-30,10.522916666666667,0.09000900090009001,35.77,2.42
2020-11-02,3.7824999999999998,0.08989572096368212,35.79,10.14
2020-11-03,5.867083333333333,0.09095043201455208,37.52,6.06
2020-11-04,4.7404166666666665,0.09151726473199168,38.49,5.04
2020-11-05,2.7575,0.0921234454168586,38.93,9.44
2020-11-06,5.4125,0.09216589861751152,37.82,8.2
2020-11-09,6.8225,0.09373388948774428,40.69,1.26
2020-11-10,8.5025,0.09392581738942583,41.19,2.18
2020-11-11,7.793333333333333,0.09340556697179152,42.6,3.14
2020-11-12,6.296666666666667,0.09234718848984642,42.08,4.46
2020-11-13,3.8433333333333333,0.09222965183306434,41.2,3.875
2020-11-16,1.4179166666666667,0.0931619154089808,42.8,7.725
2020-11-17,1.3508333333333333,0.09305441822377727,41.66,5.800000000000001
2020-11-18,0.9916666666666667,0.093562874251497,42.47,6.65
2020-11-19,1.0483333333333333,0.09355412105903264,42.4,1.9500000000000002
2020-11-20,1.5529166666666667,0.0936855911560802,42.82,-0.925
2020-11-23,1.9920833333333334,0.0934640583963437,44.35,2.2199999999999998
2020-11-24,2.6083333333333334,0.09434852344560808,46.06,3.38
2020-11-25,2.1866666666666665,0.09512666114932032,46.08,6.819999999999999
2020-11-26,4.025416666666667,0.09462528387585165,45.65,-0.96
2020-11-27,7.402083333333334,0.09471939379587972,46.07,-5.28
2020-11-30,13.502083333333333,0.09434407283362424,45.79,-1.8800000000000001
2020-12-01,14.911666666666667,0.09411764705882351,47.01,-2
2020-12-02,16.10375,0.09380863039399624,47.8,-1.18
2020-12-03,17.042916666666667,0.09408399819358725,48.23,0.94
2020-12-04,17.793333333333333,0.09386146048432514,49.28,0.21999999999999997
2020-12-07,17.1275,0.09447063380348218,49.3,2.175
2020-12-08,20.43625,0.09421518748822308,49.31,2.45
2020-12-09,31.715,0.09355412105903264,49.39,0.76
2020-12-10,40.461666666666666,0.0938808464297114,51.65,1.08
2020-12-11,22.194166666666668,0.09364786529691056,50.74,0.5
2020-12-14,22.43625,0.09406452826639074,50.03,1.475
2020-12-15,22.48875,0.09444297533149484,51.27,2
2020-12-16,23.362083333333334,0.09447331128956069,50.92,-1.7
2020-12-17,21.670833333333334,0.09531071292413268,51.6,0.58
2020-12-18,20.455833333333334,0.0951022349025202,52.55,1.26
2020-12-21,17.70375,0.09432182607055271,50.37,2.95
2020-12-22,15.5325,0.09418679124439588,50.65,2.425
2020-12-23,18.4375,0.09488566277635448,51.71,-1.0999999999999999
2020-12-24,16.195833333333333,0.09459395544624698,50.44,-2.62
2020-12-28,18.410416666666666,0.0948136910969944,NA,0.5599999999999999
2020-12-29,21.775,0.09484696442290363,50.56,1.24
2020-12-30,23.433333333333334,0.0953152552065958,50.37,0.21999999999999997
2020-12-31,25.07875,0.09553835865099836,50.87,-1.8800000000000001
2021-01-01,26.099583333333335,0.09546083719154216,50.87,-2.42
2021-01-04,41.61083333333333,0.09547906621473244,50.27,-10.26
2021-01-05,46.01541666666667,0.0961686413294353,52.81,-9.86
2021-01-06,41.06041666666667,0.09645061728395062,54.51,-13
2021-01-07,67.41208333333333,0.09671179883945842,54.23,-10.04
2021-01-08,76.6225,0.0972951936174353,55.27,-10.3
2021-01-11,41.596666666666664,0.0963762528912876,54.8,-7.28
2021-01-12,44.83291666666667,0.0969227041434456,55.89,-8.1
2021-01-13,42.09708333333333,0.09729992702505472,55.7,-5.96
2021-01-14,70.41166666666666,0.09721857652560252,54.96,-11.92
2021-01-15,72.78541666666666,0.09659315927246032,54.53,-15.04
2021-01-18,54.51875,0.09643666522011668,54.4,-7.84
2021-01-19,45.20791666666667,0.09649715333397664,55.53,-4.96
2021-01-20,35.04875,0.09726680284019064,56.13,-0.84
2021-01-21,30.968333333333334,0.09777082518576458,55.72,1.52
2021-01-22,31.027916666666666,0.09665197556638058,55.26,2.08
2021-01-25,60.17541666666666,0.09666505558240696,54.98,-9.22
2021-01-26,60.06375,0.0962834585018294,55.16,-13.120000000000001
2021-01-27,57.81166666666667,0.09550642280693378,55.44,-13.24
2021-01-28,56.74916666666667,0.09597573733360208,54.87,-13.54
2021-01-29,53.264583333333334,0.09606240213642782,55.41,-15.6
2021-02-01,86.19416666666666,0.09636696540425942,56.17,-12.86
2021-02-02,67.63375,0.09652509652509653,58.38,-12.52
2021-02-03,52.44166666666666,0.09685230024213076,59.16,-10.879999999999999
2021-02-04,59.09166666666667,0.09675858732462506,59.1,-15.9
2021-02-05,78.72708333333334,0.09738994935722632,60.25,-14.58
2021-02-08,55.98791666666667,0.09751340809361286,59.88,-10.04
2021-02-09,69.35708333333334,0.09769632075656032,60.46,-11.8
2021-02-10,72.40083333333334,0.09746873690263848,61.24,-12.6
2021-02-11,98.53166666666667,0.09723842862699338,61.73,-15.82
2021-02-12,80.35083333333333,0.09758192002185836,62.41,-15.4
2021-02-15,63.6125,0.09828975820719482,64.65,-10.08
2021-02-16,54.610416666666666,0.0980690209769636,64.39,-5.4
2021-02-17,49.88,0.09777560498655588,65.29,-3.1799999999999997
2021-02-18,44.77458333333333,0.0978329990705865,65.49,-2.58
2021-02-19,46.711666666666666,0.09742600494924104,64.43,-0.8200000000000001
2021-02-22,42.291666666666664,0.09694619486185169,64.45,2.36
2021-02-23,38.780833333333334,0.0972147960919652,65.83,2.12
2021-02-24,32.11708333333333,0.09812002040896424,67.46,4.68
2021-02-25,32.08833333333333,0.09666505558240696,67.9,3.78
2021-02-26,30.413333333333334,0.09571118193738574,66.82,4.8
2021-03-01,37.927083333333336,0.09699321047526673,66.7,2.4
2021-03-02,42.482083333333335,0.09762764814995606,64.84,3.275
2021-03-03,42.68208333333333,0.0976000156160025,65.59,0.125
2021-03-04,41.589166666666664,0.0973652951142095,68.58,-0.5
2021-03-05,48.337916666666665,0.0981412055665692,70.22,-0.925
2021-03-08,57.259166666666665,0.0988972951589774,68.85,-3.425
2021-03-09,55.6125,0.09926445042237024,67.06,0.47500000000000003
2021-03-10,43.80375,0.09947477319751712,66.7,-2.5749999999999997
2021-03-11,34.849583333333335,0.09912669382738076,69.27,-0.39999999999999997
2021-03-12,35.85375,0.09928317547308432,69.31,1.45
2021-03-15,43.81166666666667,0.09919650828290844,69.11,1.05
2021-03-16,47.66416666666667,0.09904226133291076,68.25,0.3500000000000001
2021-03-17,50.833333333333336,0.09923588369554431,67.84,-0.8250000000000001
2021-03-18,44.85,0.09871668311944716,64.83,0.8250000000000001
2021-03-19,42.50208333333333,0.0984852961452855,63.24,0.07500000000000001
2021-03-22,42.66375,0.09866214136311614,63.89,4.16
2021-03-23,42.650416666666665,0.09766674154450186,62.11,5
2021-03-24,39.475833333333334,0.09841744744508306,64.06,5
2021-03-25,40.34916666666667,0.09828975820719482,61.79,3.68
2021-03-26,38.645,0.0988972951589774,64.25,3.36
2021-03-29,36.51,0.09957580706191624,63.19,6.88
2021-03-30,38.50666666666667,0.09976057462090984,63.5,8.120000000000001
2021-03-31,39.962916666666665,0.0997207818109294,63.08,4.38
2021-04-01,39.729166666666664,0.09964129135113592,61.75,2.96
2021-04-06,36.6425,0.09925558312655088,61.73,2.7
2021-04-07,47.2025,0.09939369843951894,60.23,1.56
2021-04-08,47.59,0.09918666931164452,61.28,0.29999999999999993
2021-04-09,36.84708333333333,0.09889240506329114,61.61,3.46
2021-04-12,44.23416666666667,0.0989736433187842,62.43,0.78
2021-04-13,43.67791666666667,0.0988064184649435,62.48,1.44
2021-04-14,57.782916666666665,0.09952328347216832,65.71,2.48
2021-04-15,60.31666666666667,0.09981534161800668,65.37,4.16
2021-04-16,52.07666666666667,0.09971083856815235,65.79,5.22
2021-04-19,47.592083333333335,0.1001341798009333,66.26,8.06
2021-04-20,46.059583333333336,0.09937394415184338,64.45,8.25
2021-04-21,42.32666666666667,0.09963334927466924,64.84,5.3
2021-04-22,40.405,0.09949555752335658,65.4,4.56
2021-04-23,45.36291666666666,0.09954408807660914,66.12,3.6799999999999997
2021-04-26,57.225833333333334,0.0997804829375374,66.13,3.36
2021-04-27,53.860416666666666,0.0999930004899657,66.32,4
2021-04-28,57.7175,0.1007516069881315,68.09,4.28
2021-04-29,53.06791666666667,0.1006491872578129,68.6,3.92
2021-04-30,55.55583333333333,0.1000550302666467,68.34,4.68
2021-05-03,60.361666666666665,0.1001111233469151,68.34,4.46
2021-05-04,45.30708333333333,0.0999550202408916,69.87,3.6399999999999997
2021-05-05,48.62708333333333,0.09974564859608,71.24,2.6
2021-05-06,62.778333333333336,0.09994503023337165,69.93,3.58
2021-05-07,64.7775,0.09996001599360256,69.47,4.28
2021-05-10,50.236666666666665,0.0996432770680962,69.23,7.6
2021-05-11,54.385,0.09962838611977325,69.51,9.95
2021-05-12,53.7325,0.0993364326300314,70.88,8.52
2021-05-13,50.60041666666667,0.0990638466491654,68.66,12.34
2021-05-14,51.41625,0.100080064051241,69.86,13.700000000000001
2021-05-17,53.437916666666666,0.09965618615775576,70.26,7.859999999999999
2021-05-18,55.4625,0.09953219866626851,70.41,9.08
2021-05-19,54.301249999999996,0.09874592673052236,67.17,9.8
2021-05-20,52.651666666666664,0.09849790691947796,67.21,9.54
2021-05-21,35.37291666666667,0.09789908562254028,67.75,9.26
2021-05-24,42.568333333333335,0.09824147755182236,69.14,9.84
2021-05-25,49.660833333333336,0.0982366520948966,69.53,10.86
2021-05-26,50.66458333333333,0.09814505839630974,69.78,9.675
2021-05-27,50.81041666666667,0.09832938376975192,69.86,10.925
2021-05-28,51.50416666666666,0.09791442279447764,70.24,13.16
2021-06-01,48.9675,0.09845426799251748,69.83,17.32
2021-06-02,49.15958333333333,0.09878982464806124,69.93,17.06
2021-06-03,48.89416666666666,0.09855129594954172,69.83,16.94
2021-06-04,50.26375,0.09899029895070284,70.69,17.16
2021-06-07,52.779583333333335,0.09930979691146533,70.47,15.4
2021-06-08,53.873333333333335,0.09934432743890324,70.47,15.58
2021-06-09,54.373333333333335,0.09919946035493568,71.07,16.64
2021-06-10,54.16625,0.09930486593843098,71.22,17.18
2021-06-11,50.85208333333333,0.09905992134642244,71.57,16.36
2021-06-14,46.86083333333333,0.09922603691208574,72.43,13.74
2021-06-15,46.91041666666666,0.09912767644726408,73.21,13.459999999999999
2021-06-16,45.72875,0.0983052180409736,74.52,13.219999999999999
2021-06-17,43.09166666666667,0.0982511298879937,73.22,17.46
2021-06-18,41.236666666666665,0.097323600973236,73.31,17.240000000000002
2021-06-21,42.1125,0.09793168285803824,74.16,14.4
2021-06-22,44.02708333333334,0.0981171322324591,75.2,13.64
2021-06-23,46.04833333333333,0.09828492800629024,76.04,15.899999999999999
2021-06-24,46.882083333333334,0.09865824782951856,76.51,16.12
2021-06-25,46.82458333333334,0.09869427474512205,77.31,15.5
2021-06-28,51.788333333333334,0.0982994200334218,76.48,16.84
2021-06-29,51.32125,0.09814216874564496,76.63,15.32
2021-06-30,50.06916666666667,0.09802960494069209,78.26,16.34
2021-07-01,48.54833333333333,0.09786746787500368,78.01,16.52
2021-07-02,50.7375,0.09799310128566947,78.8,19.62
2021-07-05,57.05416666666667,0.09841551028442085,79.15,18.580000000000002
2021-07-06,56.35208333333333,0.09718172983479106,77.37,17.9
2021-07-07,56.084583333333335,0.0972734258727858,75.25,16.42
2021-07-08,57.095,0.09615384615384616,75.85,17.16
2021-07-09,57.68875,0.09713924911360436,78.31,17.4
2021-07-12,57.995416666666664,0.09713453132588636,77.78,18.275
2021-07-13,59.174166666666665,0.09664637092877162,77.84,20.08
2021-07-14,60.49333333333333,0.09674922600619194,78.09,20.46
2021-07-15,60.99625,0.0959140610013428,76.45,21.08
2021-07-16,59.422916666666666,0.09564527081958434,75.49,19.939999999999998
2021-07-19,58.68875,0.09471939379587972,70.79,16.22
2021-07-20,59.11125,0.0942444890535026,70.55,17.18
2021-07-21,59.024166666666666,0.09551098376313276,72.91,16.78
2021-07-22,58.31916666666667,0.09608363119259004,74.895,18.78
2021-07-23,58.87708333333333,0.095831336847149,75.26,19.06
2021-07-26,59.098333333333336,0.09608270799504214,74.99,19.919999999999998
2021-07-27,58.509166666666665,0.09531707224080904,75.77,17.8
2021-07-28,57.343333333333334,0.09588095420725626,75.84,17.72
2021-07-29,50.06,0.09633632939317746,76.63,14.8
2021-07-30,53.306666666666665,0.09562423500611995,77.37,16.919999999999998
2021-08-02,57.50333333333334,0.09546903939052565,74.83,12.725
2021-08-03,58.950833333333335,0.09555661729574771,74,12.94
2021-08-04,61.029583333333335,0.0956434412510162,72.69,14.3
2021-08-05,61.8125,0.09587084280057906,73.15,14.34
2021-08-06,60.8125,0.09561143512764128,72.57,15.620000000000001
2021-08-09,61.48291666666667,0.095229025807066,70.19,15
2021-08-10,69.265,0.0956324653093232,72.22,16.259999999999998
2021-08-11,72.01166666666667,0.096195469193401,71.44,16.14
2021-08-12,72.72541666666666,0.0962741888899586,72.51,16.26
2021-08-13,71.49083333333334,0.09630200308166408,72.25,15.78
2021-08-16,69.9025,0.09612611746611556,70.9,13.42
2021-08-17,63.905,0.0958295001533272,71.09,14.56
2021-08-18,71.35458333333334,0.0959407469946561,70.55,13.58
2021-08-19,74.07458333333334,0.0947418285172904,67.08,13.26
2021-08-20,79.00333333333333,0.09474721443189572,67.23,12.56
2021-08-23,78.1075,0.09550277435559502,69.9,13.55
2021-08-24,80.40375,0.0964348052499108,71.79,14.675
2021-08-25,77.48875,0.09644131545954288,72.37,16.28
2021-08-26,82.8,0.0962528755546572,71.73,13.040000000000001
2021-08-27,86.0175,0.09730560772217305,72.82,13.24
2021-08-30,100.92458333333333,0.0977230528681716,72.82,14.8
2021-08-31,106.90166666666667,0.097431700378035,74.48,14.9
2021-09-01,105.28416666666666,0.0971628449280995,72.08,14.58
2021-09-02,100.46708333333333,0.09752577118503564,74.83,15.08
2021-09-03,94.49541666666667,0.09708926386920134,74.34,12.46
2021-09-06,115.23333333333333,0.097442143727162,73.43,12.34
2021-09-07,108.625,0.09721952167995332,71.68,15.360000000000001
2021-09-08,105.45333333333333,0.09715812484819042,72.34,17.133333333333333
2021-09-09,106.01916666666666,0.09751150635775022,72.2,15.666666666666666
2021-09-10,107.90833333333333,0.09776126698602014,71.88,15.379999999999999
2021-09-13,103.71291666666667,0.09797965942270384,72.58,10.76
2021-09-14,115.38125,0.09804882831650162,73.05,10.3
2021-09-15,113.83666666666667,0.09875080235026908,74.84,11.2
2021-09-16,121.60791666666667,0.09860960457548563,74.03,9.94
2021-09-17,121.11083333333333,0.0980315269390636,73.86,9.025
2021-09-20,113.7825,0.09763718023823471,73.51,7.9
2021-09-21,117.55541666666667,0.09814505839630974,73.11,10.26
2021-09-22,113.35916666666667,0.09878884871475709,74.46,12.26
2021-09-23,98.04083333333334,0.09931078316483603,75.89,10.45
2021-09-24,98.77083333333333,0.09938085725927472,76.76,8.120000000000001
2021-09-27,107.68,0.0994727941907888,78.86,11.72
2021-09-28,109.50375,0.09879568065284186,78.33,11.52
2021-09-29,103.89541666666666,0.09828975820719482,77.75,9.719999999999999
2021-09-30,93.635,0.09880934736426066,77.73,9.94
2021-10-01,80.22583333333333,0.1000920847179405,78.54,10.5
2021-10-04,89.39083333333333,0.1003834648356723,81.57,11.5
2021-10-05,97.24041666666666,0.1010682918447995,83.06,11.26
2021-10-06,103.965,0.1008308461724611,81.94,9.68
2021-10-07,120.42333333333333,0.1009010463438506,82.78,9.42
2021-10-08,120.9275,0.101276078590237,83.38,11.9
2021-10-11,108.9525,0.100852201099289,84.7,6.140000000000001
2021-10-12,116.26625,0.1012904402082531,84.04,3.8
2021-10-13,130.34958333333333,0.1015764667641801,83.855,3.12
2021-10-14,100.45833333333333,0.1020741466601339,83.85,8.66
2021-10-15,86.27666666666667,0.1022829555682841,85.21,6.78
2021-10-18,134.7375,0.102313303798893,84.79,0.56
2021-10-19,146.26083333333332,0.1028944200356015,85.35,2.74
2021-10-20,82.25750000000001,0.1033111214422232,85.76,6.74
2021-10-21,83.33833333333334,0.1029389057594318,84.14,5.8500000000000005
2021-10-22,87.70208333333333,0.1027474672749317,85.48,5.02
2021-10-25,101.32291666666667,0.1031087281538382,86,8.84
2021-10-26,100.19833333333334,0.1030842817087251,85.63,5.9399999999999995
2021-10-27,80.92875,0.1023614793280993,84.45,8.68
2021-10-28,77.85833333333333,0.1026978731270475,82.86,10.74
2021-10-29,79.57083333333334,0.1025704145896158,83.45,10.12
2021-11-01,69.69708333333334,0.102495772049403,84.15,9
2021-11-02,89.59333333333333,0.1013109638725103,84.1,7.96
2021-11-03,97.06833333333333,0.1012586449568132,81.37,5.14
2021-11-04,105.96791666666667,0.1010897474778108,80.91,1.9
2021-11-05,88.91083333333333,0.1011122345803842,81.77,0.8
2021-11-08,123.20958333333333,0.1015156283309816,82.83,1.25
2021-11-09,83.81083333333333,0.1013787510137875,84.25,5.2
2021-11-10,89.02625,0.1007292799871067,84.84,4.48
2021-11-11,90.16083333333333,0.1006572921175275,83.63,4.76
2021-11-12,92.40208333333334,0.1005489975264947,83.48,0.6400000000000001
2021-11-15,97.39083333333333,0.1009183570491472,81.77,1.9400000000000002
2021-11-16,96.74291666666667,0.1010764643452772,83.61,5.140000000000001
2021-11-17,90.29833333333333,0.1010315319411188,83.02,4.42
2021-11-18,90.04125,0.09981036031540072,83.43,1.04
2021-11-19,83.62125,0.09941543722909292,81.18,7.14
2021-11-22,123.30958333333334,0.09970089730807578,82.8,-0.76
2021-11-23,110.16708333333334,0.09998500224966254,84.53,0.9400000000000001
2021-11-24,108.51958333333333,0.09959167413604222,84.39,3.84
2021-11-25,112.0925,0.0995094185664673,83.47,-1
2021-11-26,116.31916666666666,0.09768391438981744,74.32,-5.14
2021-11-29,249.82041666666666,0.09824533825869965,76.12,-10.72
2021-11-30,134.55708333333334,0.09760192080580146,71.97,-9.425
2021-12-01,117.9125,0.09725828883766618,72.85,-12.04
2021-12-02,184.70666666666668,0.09736339915099115,71.67,-10.38
2021-12-03,147.25833333333333,0.09627326202693726,73.23,-9.3
2021-12-06,165.98291666666665,0.09752291788570316,73.4,-10.540000000000001
2021-12-07,170.82125,0.09842810319202336,76.96,-8.24
2021-12-08,130.4925,0.09941840234627428,76.87,-4.76
2021-12-09,131.26666666666665,0.09850955050092106,75.65,-2.18
2021-12-10,148.95499999999998,0.09886307464162136,74.51,-2.16
2021-12-13,135.52958333333333,0.09797102017223304,74.57,0.2800000000000001
2021-12-14,205.26,0.09752291788570316,74,-0.7200000000000001
2021-12-15,127.59791666666666,0.09829748751621908,73.28,1.28
2021-12-16,152.00416666666666,0.09823086217227728,75.27,2.42
2021-12-17,179.60458333333332,0.09837871871556746,73.49,-1
2021-12-20,305.50041666666664,0.09799598216473124,68.83,-3
2021-12-21,387.44958333333335,0.09916503044366436,72.36,-5.8
2021-12-22,258.16125,0.09945597581230668,74.21,-4.16
2021-12-23,244.715,0.1002395725784625,75.86,-6.04
2021-12-24,199.93875,0.0998681740103064,75.26,-11.360000000000001
2021-12-27,179.3825,0.09987116619560768,75.26,-11.06
2021-12-28,146.61166666666668,0.1005105938165883,75.26,-7.08
2021-12-29,167.11166666666668,0.1004147127637141,78.01,-8.26
2021-12-30,139.3175,0.1002536417135352,78.66,-4.359999999999999
2021-12-31,135.85125,0.09987116619560768,78.6,-4.4799999999999995
2022-01-03,129.28791666666666,0.09974962843263407,78.41,-0.6599999999999999
2022-01-04,147.31083333333333,0.1000060003600216,79.42,-4.84
2022-01-05,133.39208333333335,0.09984523987818882,81.37,-6.42
2022-01-06,185.9875,0.0995361614874684,82.69,-10.84
2022-01-07,158.595,0.09974067424695791,83.03,-7.7
2022-01-10,193.67833333333334,0.09961746891934972,83.26,-2.2399999999999998
2022-01-11,151.45916666666668,0.1002838031629511,86.19,0.24
2022-01-12,138.54875,0.1009142834076735,87.87,1.5
2022-01-13,127.3375,0.1002295256136553,87.79,6.12
2022-01-14,129.75875,0.1002496215576786,88.49,2.76
2022-01-17,132.32916666666668,0.1005449536487764,89.44,-0.28
2022-01-18,161.57666666666665,0.1003190144660019,90.18,-3.32
2022-01-19,135.65333333333334,0.1004217714400482,91.91,1.8399999999999999
2022-01-20,130.24125,0.1000880775082072,92.39,-1.9200000000000002
2022-01-21,137.83958333333334,0.09899617874750034,91.38,-1.1199999999999999
2022-01-24,134.19541666666666,0.09862224720652484,89.08,1.7399999999999998
2022-01-25,154.83625,0.09901578311582868,90.69,-0.6
2022-01-26,130.30375,0.09959365787586644,93.33,1.36
2022-01-27,126.40625,0.1003602934534981,93,2.92
2022-01-28,135.99416666666667,0.09989111868063812,94.38,-0.05999999999999992
2022-01-31,162.89875,0.1000450202591166,94.04,-6.74
2022-02-01,143.79125,0.1004924128228319,92.47,-6.34
2022-02-02,135.36666666666667,0.1005308026379283,92.35,-7.62
2022-02-03,147.60916666666665,0.1005085733813094,93.56,-6.46
2022-02-04,123.43333333333334,0.09932853907584728,98.96,0.38000000000000006
2022-02-07,121.81,0.09961052285563449,100.25,-0.27999999999999997
2022-02-08,122.90916666666666,0.09929599142082636,98.37,2.48
2022-02-09,120.685,0.0993917226573371,98.31,2.2399999999999998
2022-02-10,124.09541666666667,0.09940357852882704,100.74,-0.020000000000000063
2022-02-11,127.87375,0.0993966622600813,99.11,-3.54
2022-02-14,108.60458333333334,0.09952823616059876,103.44,0.9600000000000001
2022-02-15,112.68041666666667,0.09895013902494532,101.39,0.07999999999999993
2022-02-16,109.96583333333334,0.09910409894553238,101.68,-0.32
2022-02-17,101.75083333333333,0.09864851533984412,98.63,-1.4
2022-02-18,109.745,0.0983264832549999,99.53,-2.3000000000000003
2022-02-21,106.27958333333333,0.09813350081450804,102.3,-1.64
2022-02-22,121.23875,0.0992812040824431,102.08,-4.14
2022-02-23,109.80541666666667,0.09945795414988312,102.64,3.8857805861880476e-17
2022-02-24,116.14208333333333,0.09971083856815235,104.64,1.18
2022-02-25,124.56541666666666,0.1005530417295123,101.5,-1.1199999999999999
2022-02-28,143.02708333333334,0.1012442923530186,103.93,0.58
2022-03-01,147.84958333333333,0.1011920422577968,115.59,2.88
2022-03-02,151.18125,0.1016239507327087,119.2,2
2022-03-03,160.69208333333333,0.1014373674974387,121.87,-2.05
2022-03-04,202.81833333333333,0.1021523500148121,123.35,-4.72
2022-03-07,239.18416666666667,0.1017190519784356,134.08,0.33999999999999997
2022-03-08,263.5516666666667,0.1020626869022954,139.86,-3.28
2022-03-09,226.26916666666668,0.1014816318246397,130.73,-4.06
2022-03-10,213.2675,0.1016931916408196,122.58,-0.15000000000000002
2022-03-11,191.68041666666667,0.1018994049074753,120.58,0.36
2022-03-14,199.96208333333334,0.1010723779298355,115.17,1.22
2022-03-15,215.57291666666666,0.1012914661939732,113.2,-0.6599999999999999
2022-03-16,194.0925,0.101909789454375,111.87,0.32
2022-03-17,175.58916666666667,0.1025188891053176,118.87,1.78
2022-03-18,183.77333333333334,0.1036151319538706,119.54,3
2022-03-21,177.23541666666668,0.1038378468184084,126.4,1.8800000000000001
2022-03-22,196.01125,0.1035303861683404,126.61,1.88
2022-03-23,203.43958333333333,0.1046189255636345,132.91,2.28
2022-03-24,191.31375,0.1048470805330426,130.99,5.4399999999999995
2022-03-25,187.99958333333333,0.1057988340968482,128.91,7.28
2022-03-28,186.07833333333332,0.1045631352210465,121.34,5.34
2022-03-29,202.445,0.1040539415633064,118.02,-0.9
2022-03-30,217.05333333333334,0.1047054635310871,119.15,-2.4
2022-03-31,209.84041666666667,0.1027971093452852,110.61,-1.46
2022-04-01,187.0725,0.1035496831379696,108.48,-1.8599999999999999
2022-04-04,172.83625,0.1045631352210465,109.57,0.9199999999999999
2022-04-05,181.74041666666668,0.1046977898296567,107.92,-0.54
2022-04-06,173.88583333333332,0.1043460113737152,104.89,-1.42
2022-04-07,170.11458333333334,0.1044070203280469,99.65,-1.2000000000000002
2022-04-08,170.61791666666667,0.105681433885695,100.74,-0.020000000000000063
2022-04-11,190.16,0.1042122595302111,99.38,3.12
2022-04-12,183.74625,0.1052310347367646,106,3.16
2022-04-13,185.30291666666668,0.105035396928765,107.39,3.3400000000000003
2022-04-14,193.85166666666666,0.1051701653274999,108,3.78
2022-04-15,189.51166666666666,0.1050972149238045,108,5.225
2022-04-18,138.83666666666667,0.1046200200870439,108,5.640000000000001
2022-04-19,198.50291666666666,0.1049229865278885,105.67,7.86
2022-04-20,189.9875,0.1047657960629014,104.78,9.72
2022-04-21,187.21541666666667,0.1038896276595745,106.51,10
2022-04-22,174.25041666666667,0.1034307996235119,104.7,10.4
2022-04-25,203.14333333333335,0.1023698623125352,95.78,7.16
2022-04-26,197.13041666666666,0.1016115593309895,100.88,6.12
2022-04-27,203.48583333333335,0.1015197506674924,101.25,4.44
2022-04-28,211.33208333333334,0.101148030142113,103.55,5.725
2022-04-29,215.89291666666668,0.101182827250559,107.28,6.175
2022-05-02,206.17791666666668,0.100767851024809,107.28,8.025
2022-05-03,214.575,0.101191018285217,105.79,5.75
2022-05-04,222.34916666666666,0.1017325045525296,108.74,6.574999999999999
2022-05-05,221.885,0.09999100080992712,112.71,9.9
2022-05-06,212.21166666666667,0.09986219017755496,114.91,10.25
2022-05-09,199.84541666666667,0.09792976477270504,107.28,10.775
2022-05-10,184.71583333333334,0.0975666868304486,104.44,9.575000000000001
2022-05-11,174.41833333333332,0.0976124006793823,108.16,8.85
2022-05-12,155.67333333333335,0.0975923956005348,109.33,9.875
2022-05-13,143.58541666666667,0.09843294747617924,111.97,9.275
2022-05-16,176.68791666666667,0.09816432708353784,113.78,9.48
2022-05-17,179.47208333333333,0.09797869943074376,116.4,10.58
2022-05-18,178.765,0.09655025923744603,111.56,10.34
2022-05-19,189.525,0.09756763876557424,112.17,11.9
2022-05-20,183.005,0.0971600128251217,114.5,13.95
2022-05-23,173.63,0.09760287342859374,116.58,12.42
2022-05-24,128.29416666666665,0.09744689144416292,117.29,11.62
2022-05-25,153.17208333333332,0.09773164843971424,117.58,11.86
2022-05-26,52.26916666666666,0.09770682091316794,121.16,10.88
2022-05-27,47.47,0.09844942160964804,121.7,8.7
2022-05-30,169.92375,0.0986747974699782,124.53,11.4
2022-05-31,171.59625,0.0993966622600813,130.23,11.8
2022-06-01,175.14875,0.09912276354264755,126.73,11.42
2022-06-02,161.08833333333334,0.09928218976797752,128.7,11.9
2022-06-03,159.30833333333334,0.09888555974171093,128.93,12.86
2022-06-06,79.54083333333334,0.0992063492063492,128.29,16.22
2022-06-07,158.66666666666666,0.098699145265402,130.31,14.540000000000001
2022-06-08,142.94958333333332,0.09855712370890168,132.01,13.24
2022-06-09,154.81916666666666,0.098168181728938,131.45,14.5
2022-06-10,140.49708333333334,0.0980536353385302,131.14,15.08
2022-06-13,133.02666666666667,0.09708172339475372,131.71,13.68
2022-06-14,143.38583333333332,0.09585705795517724,135.45,14.925
2022-06-15,152.46041666666667,0.0962084259339433,131.94,15.125
2022-06-16,161.61125,0.09541620548834016,128.52,15.450000000000001
2022-06-17,167.27041666666668,0.09540164090822364,125.05,14.92
2022-06-20,166.82875,0.09604394971138794,122.76,15.18
2022-06-21,164.00875,0.096481326039345075,123.48,14.959999999999999
2022-06-22,164.22625,0.09551645748562478,119.67,16.3
2022-06-23,149.15375,0.09528074471430067,120.58,18
2022-06-24,142.78291666666667,0.0962121285009188,123.05,19.919999999999998
2022-06-27,158.27625,0.09651764342521814,124.47,17.82
2022-06-28,150.29833333333335,0.09666692444513186,126.19,16.8
2022-06-29,154.48291666666665,0.09688420399937994,127.77,17.5
2022-06-30,164.9925,0.0969057978738868,124.84,19.740000000000002
2022-07-01,168.79791666666665,0.09662395887684312,123.38,20.14
2022-07-04,159.8075,0.0977354691791198,126.72,14
2022-07-05,161.55541666666667,0.09682885499878964,115.33,13.96
2022-07-06,162.58125,0.09687669534216849,113.61,13.040000000000001
2022-07-07,161.65541666666667,0.0976209767954938,119.14,15.52
2022-07-08,161.59166666666667,0.097242210898907,118.72,16.42
2022-07-11,174.21083333333334,0.09764766768545734,119,15.84
2022-07-12,182.69625,0.09720440141529609,113.57,16.740000000000002
2022-07-13,175.67875,0.09747918819332071,112.49,15.959999999999999
2022-07-14,167.79291666666666,0.09756383113652106,109.74,14.1
2022-07-15,158.84125,0.09752577118503564,118.24,13.46
2022-07-18,159.16791666666666,0.09767055721052888,122.37,16.240000000000002
2022-07-19,160.88583333333332,0.0985580950691385,118.68,18.419999999999998
2022-07-20,162.84458333333333,0.09851925558850476,120.88,21.94
2022-07-21,189.4375,0.09831971605266004,118.55,20.32
2022-07-22,174.56541666666666,0.09861835682093864,114.14,15.84
2022-07-25,169.77958333333333,0.09949555752335658,113.15,16.14
2022-07-26,152.97416666666666,0.09985720419799686,113.77,16.060000000000002
2022-07-27,171.68625,0.1006512133503769,115.21,15.64
2022-07-28,205.45958333333334,0.1008827238335435,115.69,15.14
2022-07-29,211.72583333333333,0.1012319933591812,117.16,16.68
2022-08-01,222.04333333333332,0.1011674726341986,110.89,15.4
2022-08-02,235.76875,0.1006400708506099,111.75,12.14
2022-08-03,236.96625,0.1012688993083334,109.09,17.240000000000002
2022-08-04,241.89124999999999,0.1003532434168272,103.23,15.78
2022-08-05,236.40541666666667,0.1003391463145431,106.53,14.66
2022-08-08,274.10583333333335,0.1008105165530868,107.87,15.4
2022-08-09,269.36833333333334,0.1006694518548346,109.25,15.2
2022-08-10,263.08916666666664,0.1020345693120829,107.72,19.475
2022-08-11,257.93583333333333,0.1016704454182214,110.95,19.08
2022-08-12,279.535,0.1019419950048422,107.97,18.78
2022-08-15,281.03,0.1013612820174949,101.61,20.775
2022-08-16,319.6641666666667,0.1017366445219904,100.53,18.7
2022-08-17,302.40833333333336,0.1012791557369578,100.92,17.525
2022-08-18,343.54625,0.1018848700967906,100.51,15.24
2022-08-19,374.5416666666667,0.1016694117407837,101.07,17.7
2022-08-22,394.4766666666667,0.1023677664377041,97.85,12.9
2022-08-23,443.64416666666665,0.1032791117996385,103.18,13.6
2022-08-24,452.62416666666667,0.1035571894578781,102.8,15.74
2022-08-25,476.47291666666666,0.1038691249026227,104.95,18.44
2022-08-26,490.305,0.1029293698663977,103.77,16.62
2022-08-29,597.2333333333333,0.1026746752913394,103.77,12.96
2022-08-30,660.0604166666667,0.101836104972657,104.45,11.94
2022-08-31,603.1825,0.1002184762782867,101.14,11.959999999999999
2022-09-01,570.485,0.0999980000399992,97.02,12.02
2022-09-02,433.5733333333333,0.1003613006824568,98.79,11.44
2022-09-05,390.85291666666666,0.101098945537998,98.99,12.799999999999999
2022-09-06,411.59458333333333,0.1007434869335697,96.14,11.38
2022-09-07,455.6820833333333,0.1000450202591166,92.78,11.540000000000001
2022-09-08,434.79333333333335,0.09960754626770524,92.3,11.88
2022-09-09,347.98,0.1003723815354967,94.98,11.540000000000001
2022-09-12,408.6325,0.1003854802441375,98.38,11.78
2022-09-13,383.3858333333333,0.09936308264027584,96.04,12.040000000000001
2022-09-14,422.9425,0.09944608530485198,97.74,11.66
2022-09-15,361.12541666666664,0.09835936577880944,93.55,10.8
2022-09-16,317.59166666666664,0.09798253951145906,94.81,11.6
2022-09-19,273.87416666666667,0.09799790284487912,94.81,9.22
2022-09-20,368.1983333333333,0.09708643605401888,93.71,7.26
2022-09-21,377.04625,0.0982646463455378,94.12,7
2022-09-22,370.45958333333334,0.09772209789799768,95.17,9.26
2022-09-23,351.7345833333333,0.0972355921161382,89.39,11.16
2022-09-26,248.90791666666667,0.0961926932030243,88.7,9.06
2022-09-27,296.4891666666667,0.09647108761504176,90.37,10.120000000000001
2022-09-28,297.93874999999997,0.09637068018426076,93.01,10.68
2022-09-29,330.6070833333333,0.09518008071270843,94.02,7.9399999999999995
2022-09-30,276.69625,0.09372861815898248,93.4,7.62
2022-10-03,219.81333333333333,0.09558950044927066,94.61,7.6000000000000005
2022-10-04,194.38041666666666,0.09610856423415892,98.31,7.96
2022-10-05,50.486666666666665,0.09639297487999074,98.95,12
2022-10-06,22.107499999999998,0.0953207065170767,99.91,10.06
2022-10-07,27.415416666666665,0.09586900459212531,103.06,10.5
2022-10-10,129.73416666666668,0.09645806003549656,102.51,9.34
2022-10-11,165.10291666666666,0.09583409201989516,96.45,5.42
2022-10-12,180.79416666666665,0.09581848146870568,95,5.7
2022-10-13,222.19958333333335,0.09684010729883888,95.21,9.22
2022-10-14,209.8675,0.09622694161911452,93.74,6.98
2022-10-17,140.95208333333332,0.09661555703699408,91.87,5.28
2022-10-18,158.81,0.0962871668464027,89.22,5.5
2022-10-19,153.91458333333333,0.09646364285300872,90.39,1.1800000000000002
2022-10-20,136.55708333333334,0.09620657475731892,93.47,1.4000000000000001
2022-10-21,150.90416666666667,0.09678387193558063,91.87,2.12
2022-10-24,85.7325,0.09635489434685836,92.25,5.46
2022-10-25,104.8675,0.09667440061871616,92.24,6.82
2022-10-26,117.49833333333333,0.09675390643897248,93.41,5.8
2022-10-27,112.36541666666666,0.09757049468240804,94.9,8.7
2022-10-28,99.79375,0.0971600128251217,94.91,9.6
2022-10-31,139.79458333333332,0.09733212641496576,94.14,7.36
2022-11-01,70.31583333333333,0.09789525208027412,95.83,7.34
2022-11-02,69.86458333333333,0.0973586595659751,97.5,8.66
2022-11-03,84.44958333333334,0.09697157763059648,96.47,7.92
2022-11-04,70.21958333333333,0.09802576117003547,99.12,8.04
2022-11-07,42.76583333333333,0.09772878308119308,102.76,4.125
2022-11-08,49.93666666666667,0.09703462195311288,99.95,3.55
2022-11-09,41.42041666666667,0.09617141593175677,95.63,6.0600000000000005
2022-11-10,26.53125,0.09722897423432182,95.63,6.5600000000000005
2022-11-11,1.9258333333333333,0.0972507220866115,97.6,12.525
2022-11-14,52.38,0.0964980845130224,96.64,4.12
2022-11-15,50.02708333333334,0.09673050880247631,95.32,2.425
2022-11-16,26.735833333333332,0.0962186086789185,93.19,1.625
2022-11-17,47.187083333333334,0.09532797590108769,93.08,-0.72
2022-11-18,108.39833333333334,0.09506878226396798,90.17,-1.74
2022-11-21,199.08916666666667,0.09517826889764527,84.68,-2.92
2022-11-22,166.15916666666666,0.0961131828841644,91.31,-1.5
2022-11-23,143.50166666666667,0.09677450572421202,87.56,0.25999999999999995
2022-11-24,165.9075,0.09714208000621707,87.72,1.18
2022-11-25,193.45791666666668,0.0975143589893612,86.7,2.32
2022-11-28,189.01875,0.0966108899795185,84.95,3.26
2022-11-29,349.31375,0.09689546916786172,84.95,1.9
2022-11-30,352.87166666666667,0.09769918421181184,87.09,0.3333333333333333
2022-12-01,340.49333333333334,0.09768677711784932,90,-0.6333333333333332
2022-12-02,317.365,0.09706193522086444,89.4,-1.68
2022-12-05,282.2841666666667,0.09588279287399085,87.49,-7.08
2022-12-06,336.01458333333335,0.0953207065170767,82.82,-6.275
2022-12-07,319.5804166666667,0.09500736307063798,80.46,-9.28
2022-12-08,377.83375,0.095085957705766,78.27,-8.325
2022-12-09,397.56083333333333,0.0950534200220524,79.24,-9.52
2022-12-12,421.62458333333336,0.0951827985646434,80.31,-12.36
2022-12-13,433.94875,0.0963502524376614,82.24,-14.56
2022-12-14,431.37,0.09642271719217048,85.37,-15.95
2022-12-15,382.06083333333333,0.09542895314438402,84.34,-14.44
2022-12-16,397.95125,0.09557488292076843,81.86,-15
2022-12-19,201.59958333333333,0.09534706331045004,83.84,-4.8
2022-12-20,195.43625,0.0953007214264612,80.7,-0.31999999999999995
2022-12-21,212.75333333333333,0.09593246354566386,81.52,-0.4399999999999999
2022-12-22,193.62875,0.09564801530368244,82.83,-1.3199999999999998
2022-12-23,185.9375,0.09539709038874314,84.04,-9.18
2022-12-28,116.42041666666667,0.0952662214558584,82.86,-8.28
2022-12-29,92.0975,0.09498660688842872,82.79,-1.62
2022-12-30,95.23833333333333,0.09529527240153617,83.33,-0.12499999999999994
2023-01-03,147.07375,0.09397436379355711,83.56,-12.149999999999999
2023-01-04,109.08,0.09365049634763065,77.58,-7.325
2023-01-05,134.51416666666665,0.09289018522302932,79.33,-4.475
2023-01-06,117.715,0.09422495265196128,79.62,-4.3
2023-01-09,125.12583333333333,0.09407337723424272,79.51,2.6
2023-01-10,123.01375,0.093362835989506,80.11,-0.45000000000000007
2023-01-11,90.55875,0.09309513391735014,82.48,3.36
2023-01-12,83.68125,0.09324704873090768,84.93,1.76
2023-01-13,77.17291666666667,0.09379983116030392,85.2,0.5800000000000001
2023-01-16,130.54041666666666,0.09324704873090768,84.65,-4.975
2023-01-17,125.23916666666666,0.09395317373820888,85.91,-1.2750000000000001
2023-01-18,128.72583333333333,0.09356462508654728,87.97,-1.84
2023-01-19,139.39375,0.09332972458398275,86.52,-6.875
2023-01-20,150.93,0.0933009889904833,88.3,-9.84
2023-01-23,184.15166666666667,0.0937672883437884,88.58,-9.575000000000001
2023-01-24,172.43375,0.09314803085062782,86.11,-1.2800000000000002
2023-01-25,128.51708333333335,0.09255831173639392,85.64,2.3000000000000003
2023-01-26,122.99083333333334,0.09313241566859762,86.72,-2.025
2023-01-27,142.965,0.0931653871953492,85.77,-5.62
2023-01-30,83.5725,0.0923889946229605,84.91,2.2800000000000002
2023-01-31,97.49666666666667,0.09218798974869552,83.35,-2.58
2023-02-01,95.30416666666667,0.09184423218221896,83.48,-6.2
2023-02-02,134.18125,0.09121840422523649,80.86,-10.08
2023-02-03,103.09291666666667,0.09071611299599036,80.92,-7.425
2023-02-06,146.45625,0.0902144397232221,79.92,-4.34
2023-02-07,119.7375,0.0904003832976252,82.42,-2.34
2023-02-08,108.05833333333334,0.09035545837324031,83.39,-0.16000000000000006
2023-02-09,89.27541666666667,0.091505540660487,83.33,2.6
2023-02-10,89.32875,0.0922926415076926,85.73,-1.25
2023-02-13,106.44875,0.09242912996459964,85.79,3.08
2023-02-14,129.91458333333333,0.09193880553103854,84.97,-2.82
2023-02-15,111.44375,0.09167331298185784,83.4,-1.24
2023-02-16,110.43291666666667,0.09144278424989484,84.41,1.4666666666666666
2023-02-17,84.27708333333334,0.09100754452544116,82.21,0.2333333333333334
2023-02-20,70.62541666666667,0.09148293843198244,82.59,2.325
2023-02-21,97.36541666666666,0.09111783358238874,82.47,0.08000000000000004
2023-02-22,108.18291666666667,0.09107468123861566,80.53,-1.6199999999999999
2023-02-23,105.80541666666666,0.09163215188945498,81.86,-0.84
2023-02-24,94.705,0.09130168816821424,82.14,-1.58
2023-02-27,113.85291666666666,0.09118014461170935,81.54,-1
2023-02-28,113.15541666666667,0.0910995718320124,83.57,-0.475
2023-03-01,119.22333333333333,0.09040773890245005,83.19,0.24999999999999994
2023-03-02,109.205,0.09049773755656108,84.62,-0.9500000000000001
2023-03-03,104.19541666666667,0.0905928395419626,85.46,0.7
2023-03-06,138.15541666666667,0.08985210343774147,85.93,-6.75
2023-03-07,104.215,0.08873035731714893,84.15,-10.25
2023-03-08,134.70875,0.08876264867743654,82.36,-9.05
2023-03-09,123.17333333333333,0.08863912353634647,82.9,-8
2023-03-10,113.04208333333334,0.0883400030035601,82.5,-10.65
2023-03-13,83.82208333333334,0.08835483300936561,81.25,-2.3
2023-03-14,90.31625,0.08833141948591114,79.07,-2.5500000000000003
2023-03-15,106.9075,0.0879205901230009,72.25,-3.25
2023-03-16,99.45541666666666,0.08755724054600696,73.19,-4.8999999999999995
2023-03-17,91.07916666666667,0.08774238834781083,72.17,0.85
2023-03-20,101.96791666666667,0.08763781045694354,71.71,2.025
2023-03-21,97.43791666666667,0.08807468733485997,74.52,-1.3499999999999999
2023-03-22,81.43958333333333,0.0880770145415151,76.01,2.3000000000000003
2023-03-23,75.77875,0.08888572850743084,75.96,3.375
2023-03-24,74.17083333333333,0.08881467929019309,73.03,2.875
2023-03-27,89.49541666666667,0.08855042946958293,75.05,-5.7
2023-03-28,108.91333333333334,0.08912179384346648,77.93,-5.6
2023-03-29,112.7975,0.08865091044485027,78.27,-4.05
2023-03-30,92.02041666666666,0.08829242450997704,78.45,-4.55
2023-03-31,98.68708333333333,0.08815077308227992,79.5,-1.9000000000000001
2023-04-03,111.90708333333333,0.08926419523864783,86.4,-0.725
2023-04-04,117.95833333333333,0.08856219279989373,85.88,2.1
2023-04-05,116.03291666666667,0.0879430129276229,86.1,2.525
2023-04-06,111.06458333333333,0.08772545441785388,86.92,0.425
2023-04-07,102.77791666666667,0.08739730816290858,86.92,2.5
2023-04-11,69.98208333333334,0.08683796903358024,87.69,4.275
2023-04-12,97.0275,0.08715356458079135,89.14,5.7
2023-04-13,92.89625,0.0878348704435661,88.33,6.425
2023-04-14,103.7375,0.08768161053582232,88.88,4.1
2023-04-17,110.10166666666667,0.08734921342033315,87.24,6.475
2023-04-18,100.77333333333334,0.08711180800557515,87.15,7.275
2023-04-19,94.98833333333333,0.08632745731107236,87.42,7.975
2023-04-20,96.2275,0.08613338616181018,84.85,8.6
2023-04-21,93.0225,0.08612151746113766,84.8,9.15
2023-04-24,99.89625,0.08600892772669803,85.38,3.36
2023-04-25,89.72875,0.08541022531217438,83.57,2.1799999999999997
2023-04-26,97.54875,0.08526603001364257,83.29,2.2199999999999998
2023-04-27,105.35791666666667,0.08539272112445136,81.24,3.8400000000000003
2023-04-28,103.48625,0.08512739314383976,82.65,4.1000000000000005
2023-05-02,103.06916666666666,0.08409085175623744,78.59,5.0600000000000005
2023-05-03,100.48416666666667,0.08412622298496664,73.99,5.6
2023-05-04,95.09916666666666,0.08498848406040982,74.5,4.62
2023-05-05,82.6425,0.08587302814059132,77.03,4.825
2023-05-08,87.87708333333333,0.08658533417609725,78.98,8.4
2023-05-09,83.68791666666667,0.08632298608473464,76.94,10.58
2023-05-10,80.61625000000001,0.08680103466833325,78.6,12.18
2023-05-11,87.74458333333334,0.08582438614107812,77.47,10.08
2023-05-12,79.68666666666667,0.08630138168512078,76.49,12.74
2023-05-15,79.02291666666666,0.08679500755116566,76.91,12.86
2023-05-16,55.635416666666664,0.08602890571231933,76.62,10.7
2023-05-17,44.18833333333333,0.08565383857677582,77.57,8.06
2023-05-18,73.16041666666666,0.08512521919743943,77.31,9.58
2023-05-19,79.61958333333334,0.08514841368505305,76.93,10.72
2023-05-22,71.44,0.0848377901452423,77.23,15.5
2023-05-23,53.61708333333333,0.0847824059551162,78.41,11.56
2023-05-24,69.74791666666667,0.08496465470364328,79.19,12.86
2023-05-25,48.87375,0.08443663874628479,77.03,10.92
2023-05-26,47.317083333333336,0.08415454139982664,77.82,10.64
2023-05-29,34.70916666666667,0.08408802334283527,77.82,9.18
2023-05-30,59.21791666666667,0.0833409729225179,75.55,14.1
2023-05-31,47.58833333333333,0.08436967416431837,72.7,14.459999999999999
2023-06-01,50.75666666666667,0.08405480373203328,74.55,10.52
2023-06-02,55.001666666666665,0.08485074753508579,75.83,10.34
2023-06-05,51.083333333333336,0.0846603848661096,77.47,14.540000000000001
2023-06-06,50.377916666666664,0.0843497477942541,76.53,14.879999999999999
2023-06-07,59.815416666666664,0.0847658766486963,77.4,15.9
2023-06-08,57.93416666666667,0.0852413181717442,76.36,15.02
2023-06-09,57.2025,0.08653737982121378,76.3,15.3
2023-06-12,63.81166666666667,0.08606666724044444,72.8,17.16
2023-06-13,63.72291666666667,0.08709966815026435,74.31,18.48
2023-06-14,70.41125,0.08678521527072648,74.38,20.38
2023-06-15,80.94083333333333,0.08710422019946867,75.14,21.2
2023-06-16,81.46375,0.08670019074041962,76.03,20.56
2023-06-19,84.64916666666667,0.08590474881451446,76.29,17.44
2023-06-20,78.29,0.08551028261148404,75.15,17.52
2023-06-21,78.98458333333333,0.0854562079662277,76.96,17.46
2023-06-22,75.81291666666667,0.08565677330934944,74.27,18.54
2023-06-23,69.35333333333334,0.08494588946840863,73.55,17.24
2023-06-26,66.41833333333334,0.08551978927923923,73.94,18.04
2023-06-27,69.16791666666667,0.08470699849221543,73.31,17.880000000000003
2023-06-28,75.47916666666667,0.08521008546571572,73.6,19.959999999999997
2023-06-29,74.39874999999999,0.08526530299025419,73.34,17.9
2023-06-30,66.68958333333333,0.0853511774194925,74.67,16.9
2023-07-03,34.26083333333333,0.0858000858000858,75.81,14.025
2023-07-04,52.22708333333333,0.08625225334011852,76.38,13.24
2023-07-05,52.87166666666667,0.0862857438693979,76.83,14.525
2023-07-06,55.53625,0.08531549670682183,75.69,13.98
2023-07-07,60.98041666666666,0.08585238540852858,78,16.22
2023-07-10,59.057916666666664,0.08676789587852494,78.73,18.1
2023-07-11,55.499583333333334,0.08782098570274353,79.45,15.78
2023-07-12,44.01166666666667,0.08880600328582212,80.43,15.44
2023-07-13,44.9375,0.08953192708519858,80.79,15.7
2023-07-14,42.25875,0.08868864962662079,80.45,15.540000000000001
2023-07-17,18.088333333333335,0.08859907148173088,78.71,15.6
2023-07-18,20.73,0.08861163293517173,79.78,15.075
2023-07-19,19.966666666666665,0.0889015326624231,80.6,13.600000000000001
2023-07-20,15.95875,0.08923472301541975,79.49,13.68
2023-07-21,13.069583333333334,0.08933037947545201,80.62,13.299999999999999
2023-07-24,24.75541666666667,0.08996932046172255,82.61,13.25
2023-07-25,25.645833333333332,0.08992320558243261,83,14.8
2023-07-26,28.364583333333332,0.08923870461096386,83.99,13.5
2023-07-27,30.457083333333333,0.08946784525641485,84.25,14.44
2023-07-28,30.19875,0.08907733694393472,83.8,14.725
2023-07-31,32.82083333333333,0.08978111364493366,85.43,15.225000000000001
2023-08-01,30.7925,0.0892578212165841,85.43,14.65
2023-08-02,29.316666666666666,0.08875398283497972,84.74,15.649999999999999
2023-08-03,23.005833333333335,0.08910988139474788,86.46,15.879999999999999
2023-08-04,21.58791666666667,0.08967725157159384,87.71,14.92
2023-08-07,7.124583333333334,0.08958085119724808,87.26,13.6
2023-08-08,-3.6341666666666668,0.0889592655523036,87.65,14.52
2023-08-09,4.941666666666666,0.08930963650977941,89.58,12.62
2023-08-10,15.276250000000001,0.08824567596187786,88.99,13.45
2023-08-11,17.92625,0.08765471056414571,89.03,14.549999999999999
2023-08-14,21.18375,0.08754804198804093,88.48,15.725
2023-08-15,21.375416666666666,0.08706857520983526,86.99,15.4
2023-08-16,16.386666666666667,0.08678220270586909,86.78,15.850000000000001
2023-08-17,16.49791666666667,0.0869285534219425,86.69,16.225
2023-08-18,21.59,0.08648125086481251,86.39,14.95
2023-08-21,19.650416666666665,0.08642370083571718,86.99,16.919999999999998
2023-08-22,19.85333333333333,0.08677994341947688,85.73,15.14
2023-08-23,19.41,0.0869678653737444,84.83,14.72
2023-08-24,19.559583333333332,0.08640801866413203,84.71,14.56
2023-08-25,16.629583333333333,0.08658233547191702,85.95,13.18
2023-08-28,24.705,0.08625746127039989,85.95,13.9
2023-08-29,21.770416666666666,0.08690362388111585,86.65,13.16
2023-08-30,21.147083333333335,0.08646779074794639,86.73,12.8
2023-08-31,17.350416666666668,0.08675284115554785,87.97,12.666666666666666
2023-09-01,8.2,0.08699888641425389,90.11,13.86
2023-09-04,-1.4208333333333334,0.08717179817985285,91.15,17.240000000000002
2023-09-05,0.9125,0.08702538530489344,92.68,16
2023-09-06,3.215,0.08704735376044569,92.13,12.98
2023-09-07,4.43625,0.0873179420907408,92.5,14.08
2023-09-08,3.9470833333333335,0.08747987962768562,92.89,15.540000000000001
2023-09-11,3.5991666666666666,0.08746687192225944,92.65,16.22
2023-09-12,2.68125,0.08711939713377183,94.58,14.78
2023-09-13,3.0633333333333335,0.08702614265325304,94.02,9.5
2023-09-14,2.69875,0.08756567425569177,95.53,8.700000000000001
2023-09-15,2.06875,0.08713154248969669,96.13,12.375
2023-09-18,1.6345833333333333,0.08652315359590226,97.08,11.24
2023-09-19,-3.1654166666666668,0.08682364381468362,97.74,12.58
2023-09-20,-4.649166666666667,0.0869376222560313,97.74,11.06
2023-09-21,-0.8991666666666667,0.087070091423596,95.44,15.58
2023-09-22,-0.9958333333333333,0.08703295938171786,95.24,12.1
2023-09-25,-0.16083333333333333,0.08739807199853171,94.56,13.94
2023-09-26,-1.12125,0.0874729927134997,95.02,12.825
2023-09-27,-2.368333333333333,0.08853866926380097,98.36,13.2
2023-09-28,0.5070833333333333,0.08823944656219115,98.18,12.6
2023-09-29,1.0845833333333332,0.08851515822084532,96.87,13.02
2023-10-02,2.6825,0.0879375994794094,92.03,10.72
2023-10-03,1.69125,0.0871938406270981,96.53,8.62
2023-10-04,1.3704166666666666,0.08662808829134759,93.85,9.48
2023-10-05,3.327916666666667,0.08654412019247412,90.78,7.640000000000001
2023-10-06,2.74375,0.08660783108008625,90.27,7.82
2023-10-09,46.8775,0.08781558726673985,93.68,2.4
2023-10-10,38.904583333333335,0.08726155779332972,93.09,5.725
2023-10-11,6.412916666666667,0.08677166037572129,89.82,10.1
2023-10-12,24.794166666666666,0.08652165637058956,91.64,7.4
2023-10-13,27.092916666666667,0.08719308035714286,95.6,6.3
2023-10-16,52.975833333333334,0.0867475732366387,94.25,3.425
2023-10-17,54.013333333333335,0.08636995707413134,93.15,7.7
2023-10-18,53.16166666666667,0.08596899957875191,94.31,3.125
2023-10-19,27.31625,0.08595126563238645,94.73,0.4
2023-10-20,33.69375,0.0854678939856243,97.54,1.04
2023-10-23,91.63375,0.08464175377713826,96.04,3.38
2023-10-24,60.86541666666667,0.08459592755204765,90.29,3.5999999999999996
2023-10-25,60.32625,0.08454943605526151,91.03,1.68
2023-10-26,66.955,0.0844872888873869,91.8,1.24
2023-10-27,93.33333333333333,0.08472852979055107,91.41,0.21999999999999997
2023-10-30,66.01541666666667,0.08463100880162491,90.94,-2.14
2023-10-31,95.61666666666666,0.08461024291600741,92.4,-1.5
2023-11-01,63.531666666666666,0.08462384700008463,90.88,-2.44
2023-11-02,55.92666666666667,0.0844095551616443,91.06,-0.5399999999999999
2023-11-03,48.55,0.08446231291597689,90.4,2.52
2023-11-06,73.41416666666666,0.08443877766425453,90.64,2.7600000000000002
2023-11-07,93.18708333333333,0.08362392647784385,87.06,1.1600000000000001
2023-11-08,75.67041666666667,0.08361343835181191,85.01,-0.25000000000000006
2023-11-09,85.22333333333333,0.08359177122604051,85.06,1.2000000000000002
2023-11-10,76.73,0.08421407217145986,86.16,1.35
2023-11-13,84.38291666666667,0.08430423713095819,86.6,-2.84
2023-11-14,74.29166666666667,0.0845401438873249,87.73,-3.76
2023-11-15,100.06083333333333,0.08524785814756405,85.46,-5.82
2023-11-16,115.82625,0.08427013634908061,80.7,-6.779999999999999
2023-11-17,116.13208333333333,0.08483922965979468,82.95,-7.32
2023-11-20,103.86291666666666,0.0854642417612471,86.21,-6.14
2023-11-21,119.6575,0.08587229072922749,84.37,-5.26
2023-11-22,82.13708333333334,0.08543138578250878,81.71,1.0999999999999999
2023-11-23,61.44416666666667,0.085250765125617,83.18,2.2
2023-11-24,69.89041666666667,0.08531258531258532,84.25,-1.52
2023-11-27,110.37625,0.0858663918942126,82.54,-9.1
2023-11-28,121.15625,0.0856384345294168,84.53,-10.780000000000001
2023-11-29,140.32958333333335,0.08555856911849005,84.71,-5.38
2023-11-30,165.31916666666666,0.08499932000543996,85.2,-5.88
2023-12-01,152.3075,0.0859904378633096,83.69,-11.3
2023-12-04,140.76333333333332,0.08511435113074414,81.08,-19.15
2023-12-05,159.71333333333334,0.08476875084768751,80.94,-13.86
2023-12-06,130.20416666666668,0.08462814393554721,77.34,-12.02
2023-12-07,114.12666666666667,0.08528348229514908,77.08,-11.040000000000001
2023-12-08,102.01083333333334,0.08517815010093611,78.59,-6.9399999999999995
2023-12-11,86.12791666666666,0.08481188723411473,78.35,-2.32
2023-12-12,103.56833333333333,0.08453299745555677,76.71,-3.95
2023-12-13,93.66,0.08529584865104615,76.74,-5.6
2023-12-14,104.29208333333334,0.08661683311534764,79.65,-9.425
2023-12-15,87.10708333333334,0.08780325047633264,79.44,-7.199999999999999
2023-12-18,62.78041666666667,0.08824100382965958,81.49,-0.76
2023-12-19,65.24666666666667,0.08871540099361248,82.42,0.15000000000000002
2023-12-20,60.27875,0.08836420189452848,83.72,-6.05
2023-12-21,48.62625,0.08857631292239829,83.29,-5.359999999999999
2023-12-22,43.50958333333333,0.08902262064790663,82.83,-4.94
2023-12-27,66.31583333333333,0.0891591401492524,83.57,-9.92
2023-12-28,50.28916666666667,0.08865248226950355,81.64,-6.06
2023-12-29,56.83125,0.08909559065921827,80.3,-4.46
2024-01-02,61.41916666666667,0.08833298000141332,78.83,-8.45
2024-01-03,66.2775,0.08858886792285682,79.78,-11
2024-01-04,90.15541666666667,0.08876343656521006,78.38,-15.16
2024-01-05,193.90916666666666,0.08876343656521006,80.91,-23.3
2024-01-08,103.33166666666666,0.08819819899277656,78.07,-17.7
2024-01-09,103.35333333333334,0.08832595811583066,80.57,-12.02
2024-01-10,104.32541666666667,0.08815388141539872,81.07,-10.44
2024-01-11,105.03416666666666,0.08844939367940634,82.78,-4.58
2024-01-12,101.42,0.08877604467210568,82.48,-7.82
2024-01-15,87.145,0.08836185948697105,82.36,-14
2024-01-16,138.73541666666668,0.08784875957551479,82.75,-18.8
2024-01-17,96.42958333333334,0.08748829844008364,81.49,-10.74
2024-01-18,91.45,0.08737516273624059,83.64,-16.95
2024-01-19,81.70625,0.08755877382693134,83.31,-15.14
2024-01-22,53.865,0.08748982930734302,84.3,3.8600000000000003
2024-01-23,50.91583333333333,0.08771775933755548,84.64,3.1
2024-01-24,43.70333333333333,0.08779862507353135,84.75,0.08000000000000003
2024-01-25,74.92666666666666,0.08838841404668675,84.93,-2.66
2024-01-26,57.28125,0.08849635837485288,85.94,-1.48
2024-01-29,70.47,0.0885896527285613,86.59,1.82
2024-01-30,63.545833333333334,0.08832049742104148,86.72,-4.18
2024-01-31,53.22625,0.08800415379605918,85.58,-2.48
2024-02-01,51.749583333333334,0.088171758585725,84.8,0.27999999999999997
2024-02-02,53.56583333333333,0.08733319360022357,82.14,1
2024-02-05,45.31,0.08712926497752065,81.9,-4.86
2024-02-06,60.69166666666667,0.08785493393308969,83.06,-10.16
2024-02-07,80.47875,0.08776317983553181,83.78,-10.88
2024-02-08,88.00125,0.087470697316399,85.61,-16
2024-02-09,68.90583333333333,0.08798169980644026,86.18,-15.24
2024-02-12,72.35875,0.08837747788353617,86.47,-5.1
2024-02-13,69.79625,0.087527352297593,87.33,-5.16
2024-02-14,67.09583333333333,0.08812125484666901,87.01,-4.5
2024-02-15,67.62416666666667,0.08821220327620123,86.95,-2.56
2024-02-16,55.3,0.08840560491535163,87.48,0.36000000000000004
2024-02-19,62.6975,0.08862027100078872,88.12,-3.02
2024-02-20,58.744166666666665,0.08829476323759239,87.38,-2.4
2024-02-21,50.342083333333335,0.0882083127513937,87.37,0.26
2024-02-22,51.7575,0.0879801516777815,88.45,3.08
2024-02-23,47.49791666666667,0.08776317983553181,86.43,3.4
2024-02-26,62.57875,0.08769160615945841,86.26,-2.075
2024-02-27,61.4975,0.08769852754172258,85.55,-2.3
2024-02-28,53.67041666666667,0.0871505263891794,85.82,2.95
2024-02-29,50.03041666666667,0.08722121917820168,86.27,3.4
2024-03-01,57.10875,0.08777319406653207,86.52,3.26
2024-03-04,64.82583333333334,0.0872044857987495,88.27,2.58
2024-03-05,62.360416666666666,0.08721056992107444,87.52,1.12
2024-03-06,78.65916666666666,0.08748906386701663,88.3,-1.3
2024-03-07,72.65875,0.0878726900466604,86.58,-1.6199999999999999
2024-03-08,65.62583333333333,0.0876885303402315,85.91,-0.42
2024-03-11,60.424166666666665,0.08755340757862297,85.09,-2.04
2024-03-12,74.82791666666667,0.08699964330146245,84.66,-1.64
2024-03-13,60.61,0.08716571946584847,84.95,0.74
2024-03-14,54.1475,0.08709663371510691,87.16,5.28
2024-03-15,50.96541666666667,0.08654112434228746,86.39,3.66
2024-03-18,60.848333333333336,0.086347583562874,87.47,-1.52
2024-03-19,60.803333333333335,0.08640577881848738,88.36,0.18000000000000002
2024-03-20,72.83833333333334,0.08674606823445727,86.77,1.56
2024-03-21,71.71583333333334,0.08637144905380077,85.27,1.78
2024-03-22,53.58958333333333,0.08615119534783545,85.22,4.1
2024-03-25,80.36208333333333,0.08621953217281843,86.53,0.44000000000000006
2024-03-26,60.42458333333333,0.08586344278060173,86.26,-0.12499999999999994
2024-03-27,58.07083333333333,0.08574564412127864,84.34,2.3
2024-03-28,52.069583333333334,0.08538324268479068,85.57,4.34
2024-04-02,45.053333333333335,0.08570595999245788,87.03,1.68
2024-04-03,67.83416666666666,0.08618163641691227,90.53,-0.9800000000000001
2024-04-04,60.652499999999996,0.08606888953918716,90.58,-3.2800000000000002
2024-04-05,48.86416666666667,0.08601854559843101,93.13,-1.3800000000000001
2024-04-08,50.52291666666667,0.08620318089737511,92.43,7.9799999999999995
2024-04-09,48.84625,0.08628202141519771,92.83,7.14
2024-04-10,41.36,0.08595126563238645,92.37,7.22
2024-04-11,40.07125,0.08614080576109709,92.39,7.76
2024-04-12,37.40125,0.08620689655172414,94.16,8.16
2024-04-15,42.410833333333336,0.08603260635780961,91.89,3.7199999999999998
2024-04-16,43.82958333333333,0.08572653236176597,92.44,3.88
2024-04-17,59.715,0.08516726851536417,90.69,2.64
2024-04-18,74.05833333333334,0.08506294658046955,89.49,2.36
2024-04-19,56.350833333333334,0.08525149190110827,89.11,1.54
2024-04-22,71.12791666666666,0.08545839885143913,88.45,2.6
2024-04-23,78.67625,0.08570742911995612,89.46,4.0200000000000005
2024-04-24,73.49916666666667,0.0851049343840956,90.16,3.7
2024-04-25,73.57583333333334,0.08506945921344777,89.25,3.26
2024-04-26,82.60791666666667,0.0848557875889925,91.1,4.08
2024-04-29,57.245416666666664,0.08494156020657788,89.57,7.72
2024-04-30,49.18083333333333,0.08439673215853082,89.38,9.92
2024-05-01,23.87875,0.0845809016324114,84.71,12.66
2024-05-02,24.61375,0.08486082824168363,85.96,13.62
2024-05-03,35.34291666666667,0.08540074298646398,84.75,13.5
2024-05-07,67.30708333333334,0.08526603001364257,83.84,10.02
2024-05-08,72.085,0.08533442561398119,83.59,11.32
2024-05-09,36.5575,0.08551467004164565,84.43,10.120000000000001
2024-05-10,41.24875,0.08565750702391557,84.54,9.6
2024-05-13,26.177500000000002,0.08574564412127864,84.33,14.4
2024-05-14,18.2525,0.08557687370564979,82.15,15.26
2024-05-15,23.835833333333333,0.0861712394871088,81.13,16.12
2024-05-16,18.238333333333333,0.08609037767848687,82.8,16.56
2024-05-17,21.47625,0.08621432882145012,83.39,15.799999999999999
2024-05-20,24.767500000000002,0.08609334240183207,83.06,14.48
2024-05-21,32.60041666666667,0.0863707030575229,82.37,16.02
2024-05-22,29.18,0.08627755489409429,81.05,16.88
2024-05-23,32.92041666666667,0.08668816533166891,80.4,18.6
2024-05-24,35.934583333333336,0.08710118544713394,80.07,16.779999999999998
2024-05-28,32.20708333333333,0.08766854277348203,82.49,16.15
2024-05-29,44.25083333333333,0.08740953113527498,82.66,14.7
2024-05-30,49.068333333333335,0.087527352297593,82.57,13.9
2024-05-31,44.617916666666666,0.08792909397861565,80.56,18.125
2024-06-03,46.193333333333335,0.08765010079761591,77.6,16.775
2024-06-04,43.75875,0.08695652173913043,76.48,13.459999999999999
2024-06-05,36.56875,0.08697316008279846,76.56,11.2
2024-06-06,37.84625,0.08706630098820252,78.77,9.68
2024-06-07,39.389583333333334,0.08646629543803824,79.27,9.6
2024-06-10,41.284166666666664,0.08728136019271725,80.74,10.84
2024-06-11,44.269999999999996,0.08704735376044569,81.3,12.7
2024-06-12,49.524166666666666,0.08750437521876094,81.67,11.125
2024-06-13,48.4975,0.08746151693254968,82.59,10.86
2024-06-14,38.82875,0.08752122389679497,82.64,11.74
2024-06-17,55.01208333333333,0.08742099327732561,83.6,14.02
2024-06-18,43.411249999999995,0.08804599522790706,85.94,12.620000000000001
2024-06-19,43.71208333333333,0.08809175637343857,86.79,13.98
2024-06-20,43.485,0.08858494410290027,87.07,14.64
2024-06-21,38.68416666666667,0.08872248493935818,87.57,15.22
2024-06-24,36.9925,0.08846426043878274,88.25,17.58
2024-06-25,31.8475,0.08792754770069464,88.31,18.28
2024-06-26,32.97625,0.08766854277348203,87.26,19.02
2024-06-27,32.89,0.08792600147715682,88.49,21.22
2024-06-28,22.525,0.08747987962768562,88.76,18.08
2024-07-01,35.385,0.08735150244584207,88.07,14.74
2024-07-02,35.63625,0.08723415391594116,89.78,14.02
2024-07-03,37.266666666666666,0.08782638480252236,89.75,14.72
2024-07-04,16.484166666666667,0.08752275591653831,89.84,11.8
2024-07-05,19.3825,0.08741717222931274,90.19,11.32
2024-07-08,35.52291666666667,0.08711408460519897,88.65,13.52
2024-07-09,35.64666666666667,0.08723567590201689,88,14.76
2024-07-10,36.125416666666666,0.08622101896000206,88.05,12.82
2024-07-11,36.69375,0.08592320184219346,87.95,16.6
2024-07-12,35.39875,0.08542846647359834,88.85,16.36
2024-07-15,29.55125,0.08492064166036838,87.92,14.96
2024-07-16,27.37,0.08505354120418804,88.1,15.959999999999999
2024-07-17,27.868333333333332,0.08529075618784436,87.25,15.42
2024-07-18,27.514166666666668,0.08498342823149486,87.76,17.560000000000002
2024-07-19,25.429583333333333,0.08421974616168507,86.68,17.925
2024-07-22,22.995416666666667,0.08395248289468162,84.94,16.575
2024-07-23,23.802083333333332,0.08370021929457455,83.72,16.7
2024-07-24,20.850833333333334,0.08366100560528739,84.61,15.08
2024-07-25,22.677083333333332,0.08357989402069438,84.18,16.2
2024-07-26,19.861666666666668,0.08349336227769892,82.6,15.4
2024-07-29,20.703333333333333,0.08403290728649339,82.19,15.88
2024-07-30,20.142083333333332,0.08447943770486264,80.66,16.7
2024-07-31,22.56458333333333,0.08481764206955048,82.79,16.52
2024-08-01,24.261666666666667,0.08462814393554721,82.77,15.28
2024-08-02,23.92,0.08385814556096907,79.75,16.92
2024-08-05,25.296666666666667,0.08291942719259694,78.77,17.8
2024-08-06,23.679166666666667,0.08385744234800838,77.87,18.32
2024-08-07,22.9425,0.08477018802027703,79.51,18.02
2024-08-08,22.46125,0.08453942918977411,82.01,16.14
2024-08-09,12.481666666666666,0.08484282865990753,82.32,14.260000000000002
2024-08-12,12.287083333333333,0.08467113730271625,84.31,14.22
2024-08-13,20.135833333333334,0.08482699534299795,83.76,15.18
2024-08-14,17.58416666666667,0.08480541397762832,83.4,16.52
2024-08-15,17.285416666666666,0.08483203257550051,84.34,16.94
2024-08-16,16.600833333333334,0.08500365515717176,82.81,15.76
2024-08-19,9.56,0.08553807727509902,82.34,13.6
2024-08-20,5.5775,0.08563330107812327,80.1,15.36
2024-08-21,3.2716666666666665,0.08534826358957727,81.02,14.64
2024-08-22,4.826666666666666,0.08492857506836751,81.05,12.92
2024-08-23,2.484583333333333,0.0854627809588924,82.57,13.48
2024-08-27,2.5345833333333334,0.08544014490648576,83.76,13.16
2024-08-28,3.5225,0.08566631257924134,82.26,16.9
2024-08-29,4.1825,0.08597860852219967,83.8,16.18
2024-08-30,2.4725,0.08538907532170334,82.45,13.525
2024-09-02,38.816250000000004,0.08536064874093043,80.07,11.375
2024-09-03,32.225,0.0847227870408025,78.71,14.62
2024-09-04,31.148333333333333,0.08489685032685287,76.92,16.64
2024-09-05,22.2675,0.0847651581294025,76.72,18.96
2024-09-06,14.78125,0.08416304064233232,75.07,17.68
2024-09-09,2.6670833333333333,0.0836442109841578,74.62,16
2024-09-10,1.10125,0.08370442294170824,72.59,12.28
2024-09-11,12.162083333333333,0.08367010550800304,72.56,10.24
2024-09-12,6.512083333333333,0.08430423713095819,76.06,9.94
2024-09-13,16.580833333333334,0.08480757161999423,75.94,8.58
2024-09-16,36.1625,0.08484642796538266,76.19,12.86
2024-09-17,29.523333333333333,0.08480397561037661,76.8,11.459999999999999
2024-09-18,24.97625,0.08494300324482272,76.77,11.98
2024-09-19,16.972083333333334,0.08547739123001966,78.18,12.22
2024-09-20,15.780833333333334,0.08540438978563498,78.21,11.219999999999999
2024-09-23,19.749583333333334,0.08585901948999743,76.22,11.66
2024-09-24,19.51375,0.08601706578585191,76.56,11.08
2024-09-25,18.69625,0.08498848406040982,76.67,10.22
2024-09-26,20.515,0.08501015871396632,74.01,7.0600000000000005
2024-09-27,14.17125,0.08532059212490935,72.58,5.72
2024-09-30,26.719166666666666,0.08516944461005169,73,6.32
2024-10-01,32.73166666666667,0.08522315683617553,75.93,6.92
2024-10-02,54.5825,0.08572065353426254,75.51,6.1
2024-10-03,50.528333333333336,0.08548762139242239,78.22,6.12
2024-10-04,59.96541666666667,0.08560178051703475,79.96,5.54
2024-10-07,42.971666666666664,0.08564356859621627,82.39,7.32
2024-10-08,45.444583333333334,0.08510783162266591,78.84,9.46
2024-10-09,40.99875,0.08481764206955048,77.86,10.5
2024-10-10,36.80916666666667,0.08517016999965933,80.5,7.28
2024-10-11,41.49875,0.08555271330430245,81.32,4.24
2024-10-14,44.86083333333333,0.08487667419239844,79.52,3.38
2024-10-15,58.39125,0.08487451303248147,74.73,1.78
2024-10-16,24.825,0.08435045928825083,74.7,4.4
2024-10-17,33.3675,0.08457804015765347,75.42,7.58
2024-10-18,41.279583333333335,0.08425167660836451,73.8,9.02
2024-10-21,24.663333333333334,0.08447801037389967,74.34,11.625
2024-10-22,33.19708333333333,0.08485506754463376,76.64,8.780000000000001
2024-10-23,30.21125,0.08442309478180851,75.73,8.86
2024-10-24,27.022916666666667,0.08450299563119512,75.32,10.04
2024-10-25,21.306666666666665,0.08441596812453044,76.68,6.5
2024-10-28,18.25583333333333,0.08416516572121131,72.92,5.46
2024-10-29,47.465,0.08439886905515466,71.74,3.1
2024-10-30,12.117083333333333,0.08404844552400004,73.86,5.86
2024-10-31,10.62,0.0835826883535882,73.9,8.42
2024-11-01,3.305416666666667,0.08348151301894195,73.87,6.74
2024-11-04,43.452083333333334,0.08359107247345984,75.15,4.08
2024-11-05,33.104166666666664,0.08356732183446985,77.74,2.88
2024-11-06,31.465416666666666,0.08415524960447034,77.28,2.1199999999999997
2024-11-07,33.986666666666665,0.08521081154776919,76.49,0.9199999999999999
2024-11-08,34.04,0.08487523340689188,74.8,2.3
2024-11-11,40.617916666666666,0.08506005239699228,72.54,1.4600000000000002
2024-11-12,68.63583333333334,0.08500437772545287,72.91,0.31999999999999995
2024-11-13,42.73625,0.08500293260117474,73.36,2.8000000000000003
2024-11-14,42.337916666666665,0.08519266320784455,74.29,1.7
2024-11-15,40.5675,0.08564576909900651,74.34,4.76
2024-11-18,74.48166666666667,0.08593944706559757,75.4,-1.42
2024-11-19,112.5625,0.08597860852219967,75.62,-2.74
2024-11-20,93.99458333333334,0.08590253498380737,75.63,-3.46
2024-11-21,103.39750000000001,0.08638637168600281,76.39,-7.36
2024-11-22,87.22916666666667,0.08677768425071809,77.4,-8.16
2024-11-25,34.13458333333333,0.08595495960116899,75.55,5.12
2024-11-26,42.06125,0.08550882023480723,75.86,4.68
2024-11-27,64.73666666666666,0.08561277342579512,75.21,0.96
2024-11-28,76.61208333333333,0.08582291300131309,75.27,-4.22
2024-11-29,48.945,0.08574858514834505,75.46,-2.52
2024-12-02,37.834583333333335,0.08582217645039479,74.1,4.7
2024-12-03,70.07125,0.08601262665359274,76.08,-4.06
2024-12-04,101.03791666666666,0.08608222574202878,75.96,-7.16
2024-12-05,56.96791666666667,0.08561790441617151,75.73,-1.75
2024-12-06,66.88875,0.08483203257550051,74.72,0.34
2024-12-09,65.25125,0.08521662064969152,75.02,-5.68
2024-12-10,114.57875,0.08520935939603606,75.59,-7.4
2024-12-11,180.19041666666666,0.0855981168414295,76.32,-4.38
2024-12-12,240.30708333333334,0.08548104457836475,75.46,-5.48
2024-12-13,85.18875,0.08551174503818099,76.84,-2.32
2024-12-16,21.22833333333333,0.08530312465345606,75.6,3.3
2024-12-17,43.059583333333336,0.08515203896557302,75.11,-0.11999999999999986
2024-12-18,28.137083333333333,0.08483275222898057,76.52,3.48
2024-12-19,24.465,0.08434547908232119,75.7,2.46
2024-12-20,26.137083333333333,0.08467113730271625,75.14,-0.30000000000000004
2024-12-23,44.80291666666667,0.08461453846999992,73.42,-2.2600000000000002
2024-12-24,32.22125,0.08486947075398038,75.45,-1.06
2024-12-27,32.54666666666667,0.08457017210030023,75.72,-0.68
2024-12-30,31.40833333333333,0.08485866788863149,75.54,-2.02
2024-12-31,30.39125,0.0849697082989914,76.53,-5.78
2025-01-02,78.95083333333334,0.08551978927923923,78.09,-9.68
2025-01-03,58.71333333333333,0.08541533205210336,76.92,-8.9
2025-01-06,30.315416666666668,0.0852413181717442,77.47,-7.38
2025-01-07,32.767916666666665,0.08533879501621437,78.06,-1
2025-01-08,68.82041666666667,0.08504341466318556,77.57,-5.84
2025-01-09,95.25,0.08533442561398119,78.64,-4.88
2025-01-10,88.285,0.08511435113074414,80.58,-6.48
2025-01-13,39.09375,0.0854657026135412,83.99,-3.96
2025-01-14,34.49625,0.08542773667754447,83.69,-0.52
2025-01-15,75.97958333333334,0.08580597552813578,84.28,-0.78
2025-01-16,40.87708333333333,0.08544379507160191,83.19,3.2600000000000002
2025-01-17,37.17125,0.08505498804977418,83.82,3.34
2025-01-20,171.12458333333333,0.08501883167121517,82.98,-2.22
2025-01-21,117.05916666666667,0.08513536523071684,81.37,-2.24
2025-01-22,129.70958333333334,0.08518395475028323,80.78,-3.24
2025-01-23,73.36833333333334,0.08519411479055027,79.56,-4.3
2025-01-24,40.45,0.08517815010093611,79.4,-3.2
2025-01-27,34.40125,0.08480253729191578,78.29,-0.04999999999999999
2025-01-28,77.99,0.08503329053324377,78.19,-0.65
2025-01-29,78.56166666666667,0.08501955449753443,78.59,-0.06000000000000003
2025-01-30,65.97916666666667,0.08501088139281829,78.53,-2.775
2025-01-31,93.22541666666666,0.08539782577135586,78.25,-5.825
2025-02-03,131.24125,0.08536429211660763,77.28,-2.9
2025-02-04,70.40291666666667,0.08573902754794956,77.43,2.0749999999999997
2025-02-05,48.09,0.08573020703845,75.87,3.1750000000000003
2025-02-06,99.29666666666667,0.08595200440074263,75.66,-4.18
2025-02-07,80.63416666666667,0.08619277876899473,75.49,-5.68
2025-02-10,64.58125,0.08650818367417558,77.07,-9.225
2025-02-11,57.58625,0.08621135575978069,77.92,-9.025
2025-02-12,112.79125,0.08548031388371258,77.31,-9.425
2025-02-13,134.04458333333332,0.08588999209812073,76.07,-4.42
2025-02-14,153.53083333333333,0.08578536501672815,76.14,-8.06
2025-02-17,114.43166666666667,0.08591803419537762,76.22,-8.175
2025-02-18,112.67208333333333,0.08583175259855631,76.92,-7.54
2025-02-19,100.29583333333333,0.08624258313785015,77.8,-11.825
2025-02-20,61.55875,0.08588114050154586,77.9,-6.34
2025-02-21,62.50791666666667,0.08578168561012224,76.27,0.7999999999999999
2025-02-24,44.399166666666666,0.0859882196139129,75.97,4.175
2025-02-25,49.405833333333334,0.08562083668681611,73.7,2.25
2025-02-26,54.71,0.0855981168414295,73.67,1.25
2025-02-27,65.865,0.08551832657738553,75.55,0.66
2025-02-28,61.185833333333335,0.08563550105331666,74.9,-1.68
2025-03-03,37.82125,0.08525221868899138,74.96,5.86
2025-03-04,34.56916666666667,0.0849733183780293,72.47,5.95
2025-03-05,23.68375,0.08498992869344983,70.64,8.275
2025-03-06,32.214166666666664,0.0851991957195924,71.3,7.74
2025-03-07,36.60208333333333,0.08501594048884166,73.04,4.8
2025-03-10,48.47666666666667,0.08582880586382402,72.57,0.86
2025-03-11,64.61125,0.08610297916307903,72.58,-1.76
2025-03-12,76.64583333333333,0.08639383493593898,73.58,-2.82
2025-03-13,94.32333333333334,0.08625671724185521,72.52,-3.88
2025-03-14,63.79375,0.08639905997822744,72.17,-3.6
2025-03-17,46.86875,0.08682515150988938,73.29,0.39999999999999997
