Date,HIGH,LOW,VALUE,OPEN,CLOSE,COUNT
2020-01-01,,,68.97,,68.97,-1
2020-01-02,69.16,68.25,68.25,69.0,68.25,-1
2020-01-03,71.84,70.0,70.28,70.96,70.28,-1
2020-01-06,72.21,70.93,71.45,72.03,71.45,-1
2020-01-07,71.21,69.64,69.64,71.11,69.64,-1
2020-01-08,70.52,68.05,68.33,70.17,68.33,-1
2020-01-09,67.98,66.37,67.98,67.57,67.98,-1
2020-01-10,68.17,67.37,68.17,67.57,68.17,-1
2020-01-13,67.93,64.24,64.24,67.77,64.24,-1
2020-01-14,65.15,64.18,64.18,64.24,64.18,-1
2020-01-15,64.14,62.87,62.87,63.73,62.87,-1
2020-01-16,64.93,62.92,64.93,63.62,64.93,-1
2020-01-17,65.27,64.35,64.35,64.9,64.35,-1
2020-01-20,65.3,64.73,64.93,65.05,64.93,-1
2020-01-21,64.79,63.81,63.96,64.28,63.96,-1
2020-01-22,63.68,62.31,62.41,63.54,62.41,-1
2020-01-23,61.69,60.4,61.56,61.59,61.56,-1
2020-01-24,61.97,59.64,59.64,61.91,59.64,-1
2020-01-27,59.08,57.72,58.84,58.01,58.84,-1
2020-01-28,59.82,58.29,59.82,58.58,59.82,-1
2020-01-29,60.54,59.18,60.06,59.99,60.06,-1
2020-01-30,59.14,58.23,58.32,59.11,58.32,-1
2020-01-31,58.45,57.57,58.37,58.38,58.37,-1
2020-02-03,57.21,54.6,54.6,56.75,54.6,-1
2020-02-04,55.53,54.31,54.5,54.9,54.5,-1
2020-02-05,56.04,54.68,55.96,55.15,55.96,-1
2020-02-06,55.79,54.27,55.78,55.62,55.78,-1
2020-02-07,56.15,54.96,55.13,55.87,55.13,-1
2020-02-10,54.59,53.77,53.99,54.48,53.99,-1
2020-02-11,55.01,54.25,54.6,54.54,54.6,-1
2020-02-12,56.76,55.46,56.14,55.53,56.14,-1
2020-02-13,57.02,55.48,56.94,55.66,56.94,-1
2020-02-14,58.35,57.17,57.97,57.25,57.97,-1
2020-02-17,58.68,57.89,58.68,57.98,58.68,-1
2020-02-18,58.9,57.63,58.2,57.96,58.2,-1
2020-02-19,60.57,59.32,60.57,59.38,60.57,-1
2020-02-20,,,60.94,,60.94,-1
2020-02-21,59.76,58.9,59.55,59.69,59.55,-1
2020-02-24,57.93,56.99,57.04,57.87,57.04,-1
2020-02-25,58.01,56.87,57.07,57.66,57.07,-1
2020-02-26,56.66,55.0,55.96,55.5,55.96,-1
2020-02-27,54.34,52.25,53.19,54.25,53.19,-1
2020-02-28,52.71,51.42,52.31,51.65,52.31,-1
2020-03-02,53.84,51.9,52.65,53.24,52.65,-1
2020-03-03,54.95,52.37,52.37,54.16,52.37,-1
2020-03-04,53.3,51.92,51.99,52.41,51.99,-1
2020-03-05,52.1,50.84,51.64,51.49,51.64,-1
2020-03-06,49.38,45.69,46.15,49.33,46.15,-1
2020-03-09,38.1,35.4,35.88,37.08,35.88,-1
2020-03-10,37.67,35.4,36.12,35.61,36.12,-1
2020-03-11,36.21,35.07,35.38,35.99,35.38,-1
2020-03-12,33.5,31.57,31.57,33.2,31.57,-1
2020-03-13,34.69,31.94,32.7,33.53,32.7,-1
2020-03-16,30.93,28.43,28.43,30.93,28.43,-1
2020-03-17,29.12,27.76,28.42,28.56,28.42,-1
2020-03-18,26.98,24.07,23.24,26.81,23.24,-1
2020-03-19,25.48,23.11,24.43,24.16,24.43,-1
2020-03-20,28.5,24.65,26.0,27.97,26.0,-1
2020-03-23,24.69,22.3,22.3,23.53,22.3,-1
2020-03-24,25.76,24.37,25.25,25.64,25.25,-1
2020-03-25,25.4,23.59,25.1,25.28,25.1,-1
2020-03-26,25.95,24.89,25.09,25.1,25.09,-1
2020-03-27,23.6,20.32,20.32,23.42,20.32,-1
2020-03-30,19.28,15.62,15.62,19.0,15.62,-1
2020-03-31,17.5,15.51,15.51,16.86,15.51,-1
2020-04-01,14.59,11.28,11.28,13.72,11.28,-1
2020-04-02,22.92,12.59,15.0,13.53,15.0,-1
2020-04-03,21.85,17.84,19.25,17.84,19.25,-1
2020-04-06,20.38,17.94,17.94,19.89,17.94,-1
2020-04-07,19.81,18.4,19.81,19.32,19.81,-1
2020-04-08,20.97,18.26,20.97,18.65,20.97,-1
2020-04-09,24.29,18.09,18.72,22.69,18.72,-1
2020-04-14,18.83,15.02,18.83,16.53,18.83,-1
2020-04-15,17.4,15.76,15.78,16.78,15.78,-1
2020-04-16,17.56,14.78,14.78,16.62,14.78,-1
2020-04-17,16.21,15.01,16.15,15.13,16.15,-1
2020-04-20,15.36,14.13,17.36,15.09,17.36,-1
2020-04-21,10.65,6.39,5.62,10.65,5.62,-1
2020-04-22,11.63,6.33,9.97,6.66,9.97,-1
2020-04-23,12.92,11.33,12.49,11.93,12.49,-1
2020-04-24,12.5,10.61,12.3,11.01,12.3,-1
2020-04-27,12.09,10.03,10.7,11.58,10.7,-1
2020-04-28,12.82,10.52,11.57,10.58,11.57,-1
2020-04-29,15.49,12.43,14.13,12.49,14.13,-1
2020-04-30,17.42,14.83,14.83,15.93,14.83,-1
2020-05-01,16.33,14.86,14.86,15.23,14.86,-1
2020-05-04,15.82,14.19,15.74,14.26,15.74,-1
2020-05-05,20.88,18.49,20.88,18.92,20.88,-1
2020-05-06,22.97,20.05,20.11,22.44,20.11,-1
2020-05-07,22.84,20.64,21.97,20.64,21.97,-1
2020-05-11,23.43,21.0,23.43,21.24,23.43,-1
2020-05-12,25.11,23.28,25.11,23.59,25.11,-1
2020-05-13,28.17,24.51,28.17,24.52,28.17,-1
2020-05-14,29.01,28.23,28.56,28.49,28.56,-1
2020-05-15,30.3,29.18,29.8,30.21,29.8,-1
2020-05-18,33.8,31.63,33.78,31.95,33.78,-1
2020-05-19,33.62,32.6,32.6,33.21,32.6,-1
2020-05-20,34.42,32.69,34.4,32.69,34.4,-1
2020-05-21,35.75,34.55,34.58,34.83,34.58,-1
2020-05-22,33.71,32.66,33.21,32.67,33.21,-1
2020-05-26,35.31,33.32,33.32,34.69,33.32,-1
2020-05-27,33.64,31.95,32.31,33.23,32.31,-1
2020-05-28,33.2,31.6,33.2,31.73,33.2,-1
2020-05-29,33.68,32.74,33.61,33.3,33.61,-1
2020-06-01,37.0,35.67,35.67,36.53,35.67,-1
2020-06-02,37.8,36.88,36.88,37.39,36.88,-1
2020-06-03,37.68,36.23,36.92,37.53,36.92,-1
2020-06-04,37.3,36.64,37.11,37.01,37.11,-1
2020-06-05,40.94,38.46,40.94,38.49,40.94,-1
2020-06-08,41.65,39.61,40.27,41.59,40.27,-1
2020-06-09,40.2,38.86,40.2,39.38,40.2,-1
2020-06-10,40.61,39.73,40.6,40.05,40.6,-1
2020-06-11,40.5,38.33,38.33,40.12,38.33,-1
2020-06-12,38.9,37.44,38.9,37.6,38.9,-1
2020-06-15,39.24,37.76,39.14,38.36,39.14,-1
2020-06-16,41.84,40.25,40.7,40.43,40.7,-1
2020-06-17,41.78,40.57,41.03,41.7,41.03,-1
2020-06-18,42.25,41.0,42.25,41.2,42.25,-1
2020-06-19,43.85,43.18,43.49,43.72,43.49,-1
2020-06-22,43.68,42.6,43.68,43.01,43.68,-1
2020-06-23,44.86,43.95,44.42,44.43,44.42,-1
2020-06-24,43.17,41.09,41.51,43.07,41.51,-1
2020-06-25,42.05,40.53,41.78,40.98,41.78,-1
2020-06-26,42.77,41.38,41.52,42.49,41.52,-1
2020-06-29,42.43,40.95,42.12,41.02,42.12,-1
2020-06-30,42.51,41.71,42.51,42.31,42.51,-1
2020-07-01,43.88,42.29,43.07,43.54,43.07,-1
2020-07-02,43.96,43.1,43.67,43.44,43.67,-1
2020-07-03,43.97,43.43,43.97,43.78,43.97,-1
2020-07-06,44.78,43.9,43.91,44.74,43.91,-1
2020-07-07,44.37,42.94,44.37,43.12,44.37,-1
2020-07-08,44.27,43.83,44.22,44.01,44.22,-1
2020-07-09,44.61,43.05,43.17,44.31,43.17,-1
2020-07-10,43.79,42.04,43.72,42.44,43.72,-1
2020-07-13,44.13,43.14,44.13,43.53,44.13,-1
2020-07-14,44.05,42.83,43.93,43.04,43.93,-1
2020-07-15,44.91,43.99,44.51,44.36,44.51,-1
2020-07-16,44.77,44.34,44.75,44.45,44.75,-1
2020-07-17,44.49,43.72,44.28,44.17,44.28,-1
2020-07-20,44.25,43.51,43.56,44.0,43.56,-1
2020-07-21,45.44,44.35,45.21,44.39,45.21,-1
2020-07-22,44.52,43.67,43.67,44.43,43.67,-1
2020-07-23,44.76,43.77,44.32,44.59,44.32,-1
2020-07-24,44.47,43.59,43.73,43.94,43.73,-1
2020-07-27,44.34,42.98,43.12,43.77,43.12,-1
2020-07-28,44.17,43.52,43.74,43.9,43.74,-1
2020-07-29,44.3,43.91,44.21,44.13,44.21,-1
2020-07-30,43.75,41.76,43.14,43.7,43.14,-1
2020-07-31,43.84,43.74,43.79,43.74,43.79,-1
2020-08-03,44.62,43.22,44.47,43.48,44.47,-1
2020-08-04,44.66,43.51,44.55,44.0,44.55,-1
2020-08-05,46.45,44.95,46.2,44.97,46.2,-1
2020-08-06,45.85,45.0,45.69,45.12,45.69,-1
2020-08-07,45.65,44.55,44.55,45.15,44.55,-1
2020-08-10,45.25,43.79,43.79,44.84,43.79,-1
2020-08-11,44.69,44.0,44.0,44.22,44.0,-1
2020-08-12,45.9,43.68,45.9,43.68,45.9,-1
2020-08-13,46.18,45.51,45.95,46.08,45.95,-1
2020-08-14,45.8,45.28,45.57,45.55,45.57,-1
2020-08-17,46.04,45.33,45.33,45.78,45.33,-1
2020-08-18,45.92,44.99,45.92,45.7,45.92,-1
2020-08-19,45.92,45.39,45.84,45.51,45.84,-1
2020-08-20,45.63,44.47,45.16,45.55,45.16,-1
2020-08-21,45.14,44.14,44.14,45.11,44.14,-1
2020-08-24,45.28,44.83,44.93,44.95,44.93,-1
2020-08-25,46.81,45.16,46.81,45.31,46.81,-1
2020-08-26,46.93,46.41,46.54,46.74,46.54,-1
2020-08-27,46.68,45.34,45.34,46.66,45.34,-1
2020-08-28,45.85,45.26,45.85,45.33,45.85,-1
2020-08-31,47.06,46.46,,46.62,,-1
2020-09-01,47.06,45.66,45.66,46.62,45.66,-1
2020-09-02,45.97,44.53,44.66,45.93,44.66,-1
2020-09-03,41.93,40.94,41.74,41.73,41.74,-1
2020-09-04,43.07,40.72,40.72,42.74,40.72,-1
2020-09-07,40.43,39.78,40.05,40.04,40.05,-1
2020-09-08,39.59,37.41,37.99,39.51,37.99,-1
2020-09-09,39.8,37.94,39.8,38.41,39.8,-1
2020-09-10,39.95,39.21,39.5,39.65,39.5,-1
2020-09-11,39.46,38.5,38.93,39.11,38.93,-1
2020-09-14,38.79,38.19,38.42,38.49,38.42,-1
2020-09-15,39.24,38.55,38.99,38.56,38.99,-1
2020-09-16,40.97,40.1,40.48,40.48,40.48,-1
2020-09-17,42.09,40.52,41.94,40.76,41.94,-1
2020-09-18,42.28,41.26,41.98,42.12,41.98,-1
2020-09-21,41.24,39.7,39.73,40.92,39.73,-1
2020-09-22,40.78,40.07,40.75,40.25,40.75,-1
2020-09-23,41.34,40.54,41.29,40.58,41.29,-1
2020-09-24,41.2,40.47,40.96,40.63,40.96,-1
2020-09-25,41.68,40.84,40.84,41.46,40.84,-1
2020-09-28,41.48,40.59,41.39,40.69,41.39,-1
2020-09-29,41.53,40.01,40.36,41.42,40.36,-1
2020-09-30,40.28,39.7,40.19,40.24,40.19,-1
2020-10-01,41.17,38.9,39.14,40.95,39.14,-1
2020-10-02,38.75,37.68,38.5,38.54,38.5,-1
2020-10-05,40.45,38.9,40.02,39.0,40.02,-1
2020-10-06,41.36,39.87,41.11,39.93,41.11,-1
2020-10-07,40.88,40.01,40.2,40.66,40.2,-1
2020-10-08,41.94,41.02,41.56,41.05,41.56,-1
2020-10-09,41.99,41.56,41.93,41.92,41.93,-1
2020-10-12,41.21,40.12,40.12,41.01,40.12,-1
2020-10-13,41.17,40.5,40.96,40.51,40.96,-1
2020-10-14,42.01,40.71,41.02,40.92,41.02,-1
2020-10-15,40.92,39.5,40.34,40.84,40.34,-1
2020-10-16,40.93,40.12,40.85,40.7,40.85,-1
2020-10-19,41.42,40.47,41.42,40.62,41.42,-1
2020-10-20,41.24,40.62,40.64,40.86,40.64,-1
2020-10-21,40.94,39.92,39.92,40.79,39.92,-1
2020-10-22,41.33,39.82,41.33,40.19,41.33,-1
2020-10-23,41.37,40.79,40.86,41.0,40.86,-1
2020-10-26,39.6,38.44,38.44,39.23,38.44,-1
2020-10-27,39.34,38.36,39.05,38.59,39.05,-1
2020-10-28,37.76,36.57,37.11,37.72,37.11,-1
2020-10-29,36.15,34.56,35.4,36.1,35.4,-1
2020-10-30,35.99,35.2,35.77,35.84,35.77,-1
2020-11-02,36.31,34.83,35.79,35.1,35.79,-1
2020-11-03,38.11,37.13,37.52,37.6,37.52,-1
2020-11-04,39.19,38.02,38.49,38.56,38.49,-1
2020-11-05,39.32,38.37,38.93,38.64,38.93,-1
2020-11-06,38.53,37.64,37.82,38.46,37.82,-1
2020-11-09,41.58,38.33,40.69,38.44,40.69,-1
2020-11-10,41.36,40.69,41.19,41.16,41.19,-1
2020-11-11,43.42,42.4,42.6,42.91,42.6,-1
2020-11-12,42.69,41.67,42.08,41.81,42.08,-1
2020-11-13,41.51,40.87,41.2,41.34,41.2,-1
2020-11-16,42.92,41.51,42.8,41.57,42.8,-1
2020-11-17,42.89,41.66,41.66,42.8,41.66,-1
2020-11-18,43.26,42.47,42.47,42.56,42.47,-1
2020-11-19,42.47,41.81,42.4,42.27,42.4,-1
2020-11-20,43.28,42.66,42.82,42.9,42.82,-1
2020-11-23,44.35,43.72,44.35,44.24,44.35,-1
2020-11-24,46.59,44.87,46.06,44.93,46.06,-1
2020-11-25,,,46.08,,46.08,-1
2020-11-26,46.25,45.49,45.65,45.8,45.65,-1
2020-11-27,46.36,45.77,46.07,45.87,46.07,-1
2020-11-30,45.93,45.11,45.79,45.25,45.79,-1
2020-12-01,47.26,45.85,47.01,47.26,47.01,-1
2020-12-02,47.87,46.67,47.8,47.16,47.8,-1
2020-12-03,48.23,47.18,48.23,47.9,48.23,-1
2020-12-04,49.33,48.45,49.28,49.3,49.28,-1
2020-12-07,49.3,48.69,49.3,48.71,49.3,-1
2020-12-08,49.31,48.55,49.31,48.99,49.31,-1
2020-12-09,49.85,48.76,49.39,49.69,49.39,-1
2020-12-10,51.69,49.8,51.65,49.89,51.65,-1
2020-12-11,51.07,50.5,50.74,50.78,50.74,-1
2020-12-14,51.48,49.89,50.03,51.08,50.03,-1
2020-12-15,51.3,50.57,51.27,50.59,51.27,-1
2020-12-16,51.58,50.85,50.92,51.28,50.92,-1
2020-12-17,51.92,51.27,51.6,51.85,51.6,-1
2020-12-18,52.55,51.35,52.55,51.54,52.55,-1
2020-12-21,50.99,49.62,50.37,50.53,50.37,-1
2020-12-22,50.85,50.21,50.65,50.22,50.65,-1
2020-12-23,51.71,50.21,51.71,50.21,51.71,-1
2020-12-24,51.54,50.2,50.44,51.46,50.44,-1
2020-12-28,50.77,50.77,,50.77,,-1
2020-12-29,51.06,50.54,50.56,50.84,50.56,-1
2020-12-30,50.74,50.22,50.37,50.37,50.37,-1
2020-12-31,50.9,49.75,50.87,50.65,50.87,-1
2021-01-01,,,50.87,,50.87,-1
2021-01-04,52.34,50.19,50.27,52.3,50.27,-1
2021-01-05,52.81,50.48,52.81,50.49,52.81,-1
2021-01-06,54.53,53.24,54.51,53.65,54.51,-1
2021-01-07,54.55,53.77,54.23,54.32,54.23,-1
2021-01-08,55.27,54.27,55.27,54.3,55.27,-1
2021-01-11,55.47,54.8,54.8,55.18,54.8,-1
2021-01-12,55.91,55.27,55.89,55.45,55.89,-1
2021-01-13,56.24,55.07,55.7,56.16,55.7,-1
2021-01-14,55.52,54.58,54.96,55.12,54.96,-1
2021-01-15,54.99,53.91,54.53,54.73,54.53,-1
2021-01-18,54.8,54.31,54.4,54.67,54.4,-1
2021-01-19,55.53,54.53,55.53,54.56,55.53,-1
2021-01-20,56.13,55.63,56.13,55.86,56.13,-1
2021-01-21,55.96,55.21,55.72,55.38,55.72,-1
2021-01-22,54.38,55.61,55.26,55.26,55.26,-1
2021-01-25,56.05,54.98,54.98,55.92,54.98,-1
2021-01-26,55.95,55.16,55.16,55.55,55.16,-1
2021-01-27,55.74,54.5,55.44,55.61,55.44,-1
2021-01-28,56.04,54.77,54.87,54.81,54.87,-1
2021-01-29,55.63,54.96,55.41,55.0,55.41,-1
2021-02-01,56.17,54.81,56.17,55.48,56.17,-1
2021-02-02,58.38,57.3,58.38,57.32,58.38,-1
2021-02-03,59.52,58.44,59.16,58.46,59.16,-1
2021-02-04,59.49,58.65,59.1,59.35,59.1,-1
2021-02-05,60.39,59.78,60.25,60.19,60.25,-1
2021-02-08,60.97,59.88,59.88,60.6,59.88,-1
2021-02-09,60.6,59.61,60.46,60.41,60.46,-1
2021-02-10,61.3,60.58,61.24,60.96,61.24,-1
2021-02-11,61.73,60.47,61.73,60.78,61.73,-1
2021-02-12,62.41,60.78,62.41,60.83,62.41,-1
2021-02-15,64.65,63.56,64.65,63.7,64.65,-1
2021-02-16,64.39,63.73,64.39,64.15,64.39,-1
2021-02-17,66.09,64.42,65.29,65.08,65.29,-1
2021-02-18,66.36,65.25,65.49,66.14,65.49,-1
2021-02-19,65.01,63.67,64.43,64.45,64.43,-1
2021-02-22,65.62,64.05,64.45,64.35,64.45,-1
2021-02-23,66.1,64.41,65.83,66.05,65.83,-1
2021-02-24,67.86,66.12,67.46,66.12,67.46,-1
2021-02-25,68.12,67.12,67.9,68.06,67.9,-1
2021-02-26,67.27,66.46,66.82,66.92,66.82,-1
2021-03-01,66.7,65.27,66.7,66.48,66.7,-1
2021-03-02,65.96,64.84,64.84,64.97,64.84,-1
2021-03-03,65.67,64.33,65.59,64.36,65.59,-1
2021-03-04,68.92,64.81,68.58,65.27,68.58,-1
2021-03-05,70.8,69.45,70.22,69.58,70.22,-1
2021-03-08,71.21,68.85,68.85,71.03,68.85,-1
2021-03-09,69.28,67.06,67.06,68.63,67.06,-1
2021-03-10,67.86,66.38,66.7,66.89,66.7,-1
2021-03-11,69.27,67.84,69.27,68.27,69.27,-1
2021-03-12,69.71,68.96,69.31,69.25,69.31,-1
2021-03-15,69.52,67.55,69.11,69.46,69.11,-1
2021-03-16,68.83,67.84,68.25,68.74,68.25,-1
2021-03-17,68.41,67.41,67.84,68.38,67.84,-1
2021-03-18,68.36,64.83,64.83,67.6,64.83,-1
2021-03-19,63.47,61.22,63.24,63.26,63.24,-1
2021-03-22,64.25,63.21,63.89,63.39,63.89,-1
2021-03-23,62.54,60.97,62.11,62.24,62.11,-1
2021-03-24,64.06,61.67,64.06,62.4,64.06,-1
2021-03-25,63.85,60.96,61.79,63.27,61.79,-1
2021-03-26,64.66,62.88,64.25,62.95,64.25,-1
2021-03-29,65.2,63.19,63.19,63.9,63.19,-1
2021-03-30,63.94,62.56,63.5,63.93,63.5,-1
2021-03-31,63.6,62.69,63.08,63.53,63.08,-1
2021-04-01,63.36,61.46,61.75,62.98,61.75,-1
2021-04-06,63.35,61.67,61.73,62.22,61.73,-1
2021-04-07,61.74,60.06,60.23,60.64,60.23,-1
2021-04-08,61.56,60.6,61.28,61.04,61.28,-1
2021-04-09,61.79,61.09,61.61,61.15,61.61,-1
2021-04-12,62.83,61.55,62.43,61.55,62.43,-1
2021-04-13,63.07,62.31,62.48,62.37,62.48,-1
2021-04-14,65.71,62.99,65.71,62.99,65.71,-1
2021-04-15,66.35,65.37,65.37,65.54,65.37,-1
2021-04-16,66.12,65.34,65.79,65.85,65.79,-1
2021-04-19,66.33,65.63,66.26,65.81,66.26,-1
2021-04-20,67.49,64.45,64.45,67.38,64.45,-1
2021-04-21,65.02,63.69,64.84,64.83,64.84,-1
2021-04-22,65.4,63.73,65.4,63.77,65.4,-1
2021-04-23,66.23,65.09,66.12,65.4,66.12,-1
2021-04-26,66.13,64.72,66.13,65.49,66.13,-1
2021-04-27,66.84,66.11,66.32,66.6,66.32,-1
2021-04-28,68.14,66.66,68.09,66.76,68.09,-1
2021-04-29,69.43,68.15,68.6,68.15,68.6,-1
2021-04-30,68.56,67.38,68.34,68.54,68.34,-1
2021-05-03,,,68.34,,68.34,-1
2021-05-04,70.68,69.67,69.87,69.8,69.87,-1
2021-05-05,71.24,70.23,71.24,70.88,71.24,-1
2021-05-06,70.73,69.49,69.93,70.71,69.93,-1
2021-05-07,69.86,68.74,69.47,69.27,69.47,-1
2021-05-10,70.32,68.64,69.23,70.04,69.23,-1
2021-05-11,69.71,68.24,69.51,68.63,69.51,-1
2021-05-12,70.95,69.4,70.88,69.52,70.88,-1
2021-05-13,69.35,68.47,68.66,69.03,68.66,-1
2021-05-14,69.86,68.17,69.86,68.2,69.86,-1
2021-05-17,70.77,69.59,70.26,70.16,70.26,-1
2021-05-18,71.16,69.85,70.41,71.03,70.41,-1
2021-05-19,68.95,66.33,67.17,68.68,67.17,-1
2021-05-20,67.69,66.21,67.21,67.68,67.21,-1
2021-05-21,67.75,65.7,67.75,65.7,67.75,-1
2021-05-24,69.26,68.3,69.14,68.79,69.14,-1
2021-05-25,69.73,68.91,69.53,68.92,69.53,-1
2021-05-26,69.9,68.98,69.78,69.69,69.78,-1
2021-05-27,70.08,68.98,69.86,69.28,69.86,-1
2021-05-28,70.68,70.16,70.24,70.29,70.24,-1
2021-06-01,71.85,69.83,69.83,71.21,69.83,-1
2021-06-02,70.18,69.53,69.93,69.86,69.93,-1
2021-06-03,70.33,69.21,69.83,70.14,69.83,-1
2021-06-04,71.24,70.4,70.69,70.81,70.69,-1
2021-06-07,70.86,70.14,70.47,70.44,70.47,-1
2021-06-08,70.89,69.88,70.47,70.03,70.47,-1
2021-06-09,71.63,70.94,71.07,71.51,71.07,-1
2021-06-10,72.12,71.22,71.22,71.36,71.22,-1
2021-06-11,71.8,71.07,71.57,71.36,71.57,-1
2021-06-14,72.51,71.96,72.43,72.35,72.43,-1
2021-06-15,73.21,72.08,73.21,72.18,73.21,-1
2021-06-16,74.52,73.46,74.52,73.78,74.52,-1
2021-06-17,74.11,72.65,73.22,73.69,73.22,-1
2021-06-18,73.85,72.27,73.31,72.91,73.31,-1
2021-06-21,74.28,72.72,74.16,73.49,74.16,-1
2021-06-22,75.51,74.66,75.2,75.04,75.2,-1
2021-06-23,76.37,75.53,76.04,75.91,76.04,-1
2021-06-24,76.51,75.02,76.51,76.1,76.51,-1
2021-06-25,77.31,76.1,77.31,76.86,77.31,-1
2021-06-28,77.68,76.48,76.48,77.33,76.48,-1
2021-06-29,76.8,75.19,76.63,75.9,76.63,-1
2021-06-30,78.26,75.86,78.26,75.99,78.26,-1
2021-07-01,79.94,78.01,78.01,78.79,78.01,-1
2021-07-02,78.8,77.55,78.8,78.01,78.8,-1
2021-07-05,79.69,78.67,79.15,79.0,79.15,-1
2021-07-06,80.09,76.82,77.37,80.0,77.37,-1
2021-07-07,78.58,75.2,75.25,77.6,75.25,-1
2021-07-08,75.89,74.53,75.85,74.66,75.85,-1
2021-07-09,78.31,76.83,78.31,76.97,78.31,-1
2021-07-12,77.8,76.8,77.78,77.53,77.78,-1
2021-07-13,78.4,76.48,77.84,78.32,77.84,-1
2021-07-14,78.7,77.29,78.09,78.09,78.09,-1
2021-07-15,76.45,74.92,76.45,75.37,76.45,-1
2021-07-16,76.1,74.35,75.49,75.62,75.49,-1
2021-07-19,73.94,70.79,70.79,73.72,70.79,-1
2021-07-20,71.11,69.11,70.55,70.46,70.55,-1
2021-07-21,73.37,71.41,72.91,71.54,72.91,-1
2021-07-22,74.15,73.2,74.895,73.72,74.895,-1
2021-07-23,75.26,74.55,75.26,74.74,75.26,-1
2021-07-26,75.96,74.36,74.99,74.44,74.99,-1
2021-07-27,75.87,75.2,75.77,75.56,75.77,-1
2021-07-28,76.54,75.64,75.84,76.05,75.84,-1
2021-07-29,76.85,76.1,76.63,76.76,76.63,-1
2021-07-30,77.43,76.53,77.37,77.14,77.37,-1
2021-08-02,77.11,74.83,74.83,76.96,74.83,-1
2021-08-03,75.39,72.89,74.0,75.14,74.0,-1
2021-08-04,74.43,72.1,72.69,74.43,72.69,-1
2021-08-05,73.15,71.41,73.15,71.45,73.15,-1
2021-08-06,74.12,72.01,72.57,73.47,72.57,-1
2021-08-09,70.42,68.93,70.19,69.5,70.19,-1
2021-08-10,72.55,70.9,72.22,71.41,72.22,-1
2021-08-11,72.29,70.4,71.44,72.11,71.44,-1
2021-08-12,73.17,71.95,72.51,72.74,72.51,-1
2021-08-13,72.66,72.03,72.25,72.12,72.25,-1
2021-08-16,71.61,69.37,70.9,70.75,70.9,-1
2021-08-17,71.27,70.19,71.09,70.31,71.09,-1
2021-08-18,71.31,70.04,70.55,70.69,70.55,-1
2021-08-19,67.97,66.82,67.08,67.55,67.08,-1
2021-08-20,67.69,66.25,67.23,67.69,67.23,-1
2021-08-23,70.09,68.12,69.9,68.15,69.9,-1
2021-08-24,72.22,70.49,71.79,70.74,71.79,-1
2021-08-25,72.93,71.57,72.37,71.97,72.37,-1
2021-08-26,72.7,71.73,71.73,72.29,71.73,-1
2021-08-27,72.82,71.9,72.82,72.37,72.82,-1
2021-08-30,,,72.82,,72.82,-1
2021-08-31,74.58,74.09,74.48,74.3,74.48,-1
2021-09-01,73.36,71.7,72.08,73.28,72.08,-1
2021-09-02,74.83,72.67,74.83,72.7,74.83,-1
2021-09-03,75.09,74.53,74.34,74.64,74.34,-1
2021-09-06,74.11,73.18,73.43,73.31,73.43,-1
2021-09-07,72.99,71.41,71.68,72.8,71.68,-1
2021-09-08,72.82,71.67,72.34,71.67,72.34,-1
2021-09-09,72.98,71.03,72.2,72.39,72.2,-1
2021-09-10,72.7,71.88,71.88,72.22,71.88,-1
2021-09-13,73.07,72.22,72.58,72.69,72.58,-1
2021-09-14,73.62,72.87,73.05,73.47,73.05,-1
2021-09-15,75.23,73.22,74.84,73.32,74.84,-1
2021-09-16,74.81,73.6,74.03,74.45,74.03,-1
2021-09-17,74.71,73.35,73.86,74.43,73.86,-1
2021-09-20,73.78,72.51,73.51,73.25,73.51,-1
2021-09-21,74.43,72.52,73.11,74.2,73.11,-1
2021-09-22,74.46,73.75,74.46,73.96,74.46,-1
2021-09-23,75.95,74.42,75.89,75.27,75.89,-1
2021-09-24,76.92,75.8,76.76,76.39,76.76,-1
2021-09-27,78.87,77.91,78.86,78.14,78.86,-1
2021-09-28,79.76,77.64,78.33,79.42,78.33,-1
2021-09-29,78.79,77.57,77.75,77.86,77.75,-1
2021-09-30,77.89,76.5,77.73,77.86,77.73,-1
2021-10-01,78.54,76.82,78.54,77.08,78.54,-1
2021-10-04,82.0,79.15,81.57,79.32,81.57,-1
2021-10-05,83.11,81.36,83.06,81.78,83.06,-1
2021-10-06,83.48,81.73,81.94,83.23,81.94,-1
2021-10-07,82.81,80.05,82.78,80.2,82.78,-1
2021-10-08,83.88,82.73,83.38,83.64,83.38,-1
2021-10-11,84.86,83.86,84.7,84.24,84.7,-1
2021-10-12,84.84,83.34,84.04,84.58,84.04,-1
2021-10-13,84.01,82.84,83.855,83.78,83.855,-1
2021-10-14,84.78,83.66,83.85,83.97,83.85,-1
2021-10-15,85.45,84.87,85.21,85.24,85.21,-1
2021-10-18,86.36,84.77,84.79,85.96,84.79,-1
2021-10-19,85.58,84.16,85.35,85.2,85.35,-1
2021-10-20,85.86,84.09,85.76,84.86,85.76,-1
2021-10-21,85.61,83.74,84.14,85.26,84.14,-1
2021-10-22,86.04,85.15,85.48,85.24,85.48,-1
2021-10-25,87.13,86.0,86.0,86.59,86.0,-1
2021-10-26,85.83,84.69,85.63,85.25,85.63,-1
2021-10-27,85.09,83.77,84.45,84.66,84.45,-1
2021-10-28,83.88,82.35,82.86,83.57,82.86,-1
2021-10-29,83.85,82.91,83.45,83.52,83.45,-1
2021-11-01,85.16,84.15,84.15,84.34,84.15,-1
2021-11-02,84.75,83.49,84.1,84.68,84.1,-1
2021-11-03,83.0,81.32,81.37,82.91,81.37,-1
2021-11-04,83.75,80.74,80.91,82.28,80.91,-1
2021-11-05,,,81.77,,81.77,-1
2021-11-08,,,82.83,,82.83,-1
2021-11-09,,,84.25,,84.25,-1
2021-11-10,85.37,83.82,84.84,84.91,84.84,-1
2021-11-11,84.24,82.47,83.63,83.9,83.63,-1
2021-11-12,83.76,82.45,83.48,83.02,83.48,-1
2021-11-15,82.79,81.86,81.77,82.58,81.77,-1
2021-11-16,83.34,82.01,83.61,82.88,83.61,-1
2021-11-17,83.49,82.5,83.02,83.31,83.02,-1
2021-11-18,82.78,81.47,83.43,81.98,83.43,-1
2021-11-19,84.16,80.87,81.18,84.15,81.18,-1
2021-11-22,82.81,80.91,82.8,82.06,82.8,-1
2021-11-23,83.77,79.85,84.53,80.87,84.53,-1
2021-11-24,85.66,84.39,84.39,85.4,84.39,-1
2021-11-25,84.02,83.34,83.47,83.61,83.47,-1
2021-11-26,79.51,74.32,74.32,79.47,74.32,-1
2021-11-29,77.72,74.74,76.12,76.36,76.12,-1
2021-11-30,72.93,71.51,71.97,72.46,71.97,-1
2021-12-01,74.6,72.51,72.85,73.6,72.85,-1
2021-12-02,,,71.67,,71.67,-1
2021-12-03,,,73.23,,73.23,-1
2021-12-06,74.23,73.08,73.4,73.77,73.4,-1
2021-12-07,77.76,75.81,76.96,76.24,76.96,-1
2021-12-08,77.51,75.52,76.87,76.27,76.87,-1
2021-12-09,76.69,75.65,75.65,76.41,75.65,-1
2021-12-10,76.08,74.51,74.51,74.9,74.51,-1
2021-12-13,75.63,74.07,74.57,75.56,74.57,-1
2021-12-14,74.59,72.46,74.0,74.46,74.0,-1
2021-12-15,73.83,72.87,73.28,73.44,73.28,-1
2021-12-16,75.83,74.48,75.27,74.99,75.27,-1
2021-12-17,74.1,72.67,73.49,74.02,73.49,-1
2021-12-20,71.61,68.83,68.83,70.21,68.83,-1
2021-12-21,72.58,70.38,72.36,70.85,72.36,-1
2021-12-22,73.95,72.56,74.21,73.26,74.21,-1
2021-12-23,76.01,74.66,75.86,74.69,75.86,-1
2021-12-24,76.37,75.26,75.26,75.94,75.26,-1
2021-12-27,,,75.26,,75.26,-1
2021-12-28,,,75.26,,75.26,-1
2021-12-29,79.57,77.7,78.01,78.36,78.01,-1
2021-12-30,79.1,78.13,78.66,78.46,78.66,-1
2021-12-31,79.0,77.54,78.6,78.86,78.6,-1
2022-01-03,78.7,76.69,78.41,78.43,78.41,-1
2022-01-04,80.2,78.64,79.42,78.85,79.42,-1
2022-01-05,81.37,79.24,81.37,79.56,81.37,-1
2022-01-06,82.94,80.96,82.69,80.98,82.69,-1
2022-01-07,83.34,81.89,83.03,83.01,83.03,-1
2022-01-10,83.27,83.22,83.26,83.25,83.26,-1
2022-01-11,86.2,86.15,86.19,86.17,86.19,-1
2022-01-12,87.63,86.44,87.87,87.04,87.87,-1
2022-01-13,88.69,87.65,87.79,88.18,87.79,-1
2022-01-14,89.02,87.7,88.49,88.41,88.49,-1
2022-01-17,89.3,88.42,89.44,88.86,89.44,-1
2022-01-18,90.9,89.95,90.18,90.56,90.18,-1
2022-01-19,92.0,90.91,91.91,91.38,91.91,-1
2022-01-20,92.32,90.66,92.39,90.79,92.39,-1
2022-01-21,91.45,89.75,91.38,89.96,91.38,-1
2022-01-24,91.09,87.96,89.08,90.93,89.08,-1
2022-01-25,91.04,89.45,90.69,90.56,90.69,-1
2022-01-26,93.47,91.79,93.33,91.92,93.33,-1
2022-01-27,94.22,92.37,93.0,93.0,93.0,-1
2022-01-28,94.83,92.59,94.38,92.71,94.38,-1
2022-01-31,94.84,93.98,94.04,94.06,94.04,-1
2022-02-01,92.82,90.58,92.47,91.45,92.47,-1
2022-02-02,95.77,93.54,92.35,94.71,92.35,-1
2022-02-03,93.66,91.8,93.56,92.57,93.56,-1
2022-02-04,97.48,95.92,98.96,96.09,98.96,-1
2022-02-07,100.25,97.92,100.25,97.78,100.25,-1
2022-02-08,99.33,97.17,98.37,99.14,98.37,-1
2022-02-09,100.17,98.15,98.31,98.31,98.31,-1
2022-02-10,99.32,97.22,100.74,98.37,100.74,-1
2022-02-11,101.29,99.52,99.11,99.71,99.11,-1
2022-02-14,101.02,99.41,103.44,100.45,103.44,-1
2022-02-15,102.89,100.59,101.39,102.71,101.39,-1
2022-02-16,104.8,102.43,101.68,102.92,101.68,-1
2022-02-17,100.21,97.97,98.63,99.52,98.63,-1
2022-02-18,99.58,95.75,99.53,97.24,99.53,-1
2022-02-21,101.4,99.27,102.3,99.5,102.3,-1
2022-02-22,105.1,101.46,102.08,104.43,102.08,-1
2022-02-23,103.99,101.1,102.64,101.67,102.64,-1
2022-02-24,111.56,108.46,104.64,109.15,104.64,-1
2022-02-25,106.0,102.31,101.5,105.75,101.5,-1
2022-02-28,106.84,103.21,103.93,105.72,103.93,-1
2022-03-01,112.1,106.24,115.59,106.51,115.59,-1
2022-03-02,123.31,116.48,119.2,119.67,119.2,-1
2022-03-03,126.66,118.66,121.87,125.01,121.87,-1
2022-03-04,124.0,119.45,123.35,119.67,123.35,-1
2022-03-07,135.54,128.12,134.08,134.67,134.08,-1
2022-03-08,142.51,134.65,139.86,135.46,139.86,-1
2022-03-09,136.86,128.58,130.73,136.64,130.73,-1
2022-03-10,127.75,119.36,122.58,124.99,122.58,-1
2022-03-11,122.6,116.78,120.58,120.11,120.58,-1
2022-03-14,117.91,112.39,115.17,117.87,115.17,-1
2022-03-15,111.7,107.3,113.2,110.85,113.2,-1
2022-03-16,114.25,109.17,111.87,114.13,111.87,-1
2022-03-17,119.3,113.8,118.87,113.9,118.87,-1
2022-03-18,120.34,117.97,119.54,119.51,119.54,-1
2022-03-21,127.45,123.33,126.4,123.86,126.4,-1
2022-03-22,128.56,124.73,126.61,125.19,126.61,-1
2022-03-23,128.56,124.73,132.91,125.19,132.91,-1
2022-03-24,133.8,129.65,130.99,133.61,130.99,-1
2022-03-25,130.92,125.54,128.91,126.78,128.91,-1
2022-03-28,125.31,119.65,121.34,124.36,121.34,-1
2022-03-29,122.63,112.69,118.02,121.09,118.02,-1
2022-03-30,122.89,119.15,119.15,120.03,119.15,-1
2022-03-31,114.9,110.61,110.61,114.43,110.61,-1
2022-04-01,110.55,107.43,108.48,107.91,108.48,-1
2022-04-04,111.5,105.98,109.57,107.77,109.57,-1
2022-04-05,111.06,107.92,107.92,110.01,107.92,-1
2022-04-06,109.59,104.89,104.89,108.39,104.89,-1
2022-04-07,103.98,99.65,99.65,101.89,99.65,-1
2022-04-08,102.02,100.07,100.74,101.71,100.74,-1
2022-04-11,100.51,97.19,99.38,100.04,99.38,-1
2022-04-12,106.0,100.69,106.0,100.84,106.0,-1
2022-04-13,108.3,105.41,107.39,105.88,107.39,-1
2022-04-14,109.02,106.84,108.0,108.75,108.0,-1
2022-04-15,,,108.0,,108.0,-1
2022-04-18,,,108.0,,108.0,-1
2022-04-19,112.65,105.67,105.67,112.39,105.67,-1
2022-04-20,107.53,104.78,104.78,106.64,104.78,-1
2022-04-21,107.59,104.81,106.51,106.27,106.51,-1
2022-04-22,105.8,104.11,104.7,105.27,104.7,-1
2022-04-25,100.75,95.78,95.78,99.87,95.78,-1
2022-04-26,100.89,97.18,100.88,97.88,100.88,-1
2022-04-27,102.77,100.08,101.25,102.1,101.25,-1
2022-04-28,104.27,101.19,103.55,101.96,103.55,-1
2022-04-29,107.28,105.14,107.28,105.14,107.28,-1
2022-05-02,,,107.28,,107.28,-1
2022-05-03,105.79,102.99,105.79,103.84,105.79,-1
2022-05-04,109.4,107.68,108.74,108.37,108.74,-1
2022-05-05,114.2,110.19,112.71,110.61,112.71,-1
2022-05-06,115.03,112.53,114.91,113.24,114.91,-1
2022-05-09,113.56,107.28,107.28,113.39,107.28,-1
2022-05-10,107.9,104.37,104.44,107.81,104.44,-1
2022-05-11,108.28,104.85,108.16,106.01,108.16,-1
2022-05-12,109.62,105.74,109.33,106.29,109.33,-1
2022-05-13,112.44,109.38,111.97,109.48,111.97,-1
2022-05-16,113.78,110.83,113.78,111.24,113.78,-1
2022-05-17,117.14,115.4,116.4,116.16,116.4,-1
2022-05-18,115.66,110.88,111.56,115.11,111.56,-1
2022-05-19,112.17,107.51,112.17,110.83,112.17,-1
2022-05-20,115.3,113.52,114.5,113.76,114.5,-1
2022-05-23,116.58,114.07,116.58,115.88,116.58,-1
2022-05-24,117.83,116.03,117.29,116.11,117.29,-1
2022-05-25,118.97,116.77,117.58,118.23,117.58,-1
2022-05-26,121.16,118.07,121.16,118.37,121.16,-1
2022-05-27,122.78,120.72,121.7,121.76,121.7,-1
2022-05-30,124.53,123.47,124.53,124.13,124.53,-1
2022-05-31,130.23,127.03,130.23,127.92,130.23,-1
2022-06-01,126.73,122.47,126.73,123.06,126.73,-1
2022-06-02,126.31,126.31,128.7,126.31,128.7,-1
2022-06-03,128.94,128.91,128.93,128.91,128.93,-1
2022-06-06,129.9,127.9,128.29,129.37,128.29,-1
2022-06-07,130.31,127.73,130.31,128.9,130.31,-1
2022-06-08,132.72,130.63,132.01,130.71,132.01,-1
2022-06-09,133.4,131.45,131.45,132.62,131.45,-1
2022-06-10,132.15,127.63,131.14,130.77,131.14,-1
2022-06-13,131.71,128.87,131.71,129.56,131.71,-1
2022-06-14,136.13,133.6,135.45,134.23,135.45,-1
2022-06-15,132.92,130.86,131.94,132.79,131.94,-1
2022-06-16,130.37,126.89,128.52,130.37,128.52,-1
2022-06-17,132.0,124.07,125.05,131.09,125.05,-1
2022-06-20,124.86,122.47,122.76,123.31,122.76,-1
2022-06-21,125.19,123.48,123.48,124.72,123.48,-1
2022-06-22,119.87,115.87,119.67,118.9,119.67,-1
2022-06-23,120.59,120.55,120.58,120.56,120.58,-1
2022-06-24,123.16,119.45,123.05,119.79,123.05,-1
2022-06-27,124.47,120.97,124.47,122.6,124.47,-1
2022-06-28,127.43,125.58,126.19,126.25,126.19,-1
2022-06-29,129.43,126.31,127.77,126.65,127.77,-1
2022-06-30,126.2,123.82,124.84,125.64,124.84,-1
2022-07-01,123.38,119.21,123.38,119.26,123.38,-1
2022-07-04,126.72,123.08,126.72,123.62,126.72,-1
2022-07-05,127.01,115.3,115.33,126.6,115.33,-1
2022-07-06,117.75,111.05,113.61,116.98,113.61,-1
2022-07-07,119.14,113.16,119.14,113.74,119.14,-1
2022-07-08,120.5,117.23,118.72,117.78,118.72,-1
2022-07-11,119.0,115.51,119.0,116.2,119.0,-1
2022-07-12,117.83,112.09,113.57,117.24,113.57,-1
2022-07-13,114.38,111.45,112.49,113.69,112.49,-1
2022-07-14,111.53,109.72,109.74,111.24,109.74,-1
2022-07-15,118.24,112.76,118.24,113.08,118.24,-1
2022-07-18,122.77,119.02,122.37,119.94,122.37,-1
2022-07-19,122.84,118.68,118.68,122.82,118.68,-1
2022-07-20,120.88,118.15,120.88,119.03,120.88,-1
2022-07-21,119.13,115.73,118.55,117.98,118.55,-1
2022-07-22,118.81,114.14,114.14,118.1,114.14,-1
2022-07-25,114.31,111.4,113.15,111.41,113.15,-1
2022-07-26,115.74,113.48,113.77,115.2,113.77,-1
2022-07-27,115.21,112.13,115.21,113.97,115.21,-1
2022-07-28,117.62,114.56,115.69,116.49,115.69,-1
2022-07-29,118.7,116.73,117.16,116.8,117.16,-1
2022-08-01,110.89,106.09,110.89,109.64,110.89,-1
2022-08-02,112.61,110.05,111.75,110.63,111.75,-1
2022-08-03,112.89,108.5,109.09,109.97,109.09,-1
2022-08-04,108.27,103.23,103.23,107.43,103.23,-1
2022-08-05,106.53,102.07,106.53,103.76,106.53,-1
2022-08-08,107.87,103.88,107.87,105.34,107.87,-1
2022-08-09,109.78,106.5,109.25,106.5,109.25,-1
2022-08-10,108.63,105.69,107.72,107.78,107.72,-1
2022-08-11,111.32,109.35,110.95,109.43,110.95,-1
2022-08-12,107.99,107.96,107.97,107.95,107.97,-1
2022-08-15,106.42,101.61,101.61,106.2,101.61,-1
2022-08-16,103.55,100.38,100.53,100.93,100.53,-1
2022-08-17,102.22,99.28,100.92,99.38,100.92,-1
2022-08-18,104.38,100.51,100.51,102.01,100.51,-1
2022-08-19,101.3,98.56,101.07,99.84,101.07,-1
2022-08-22,101.56,96.65,97.85,98.95,97.85,-1
2022-08-23,103.18,100.21,103.18,100.63,103.18,-1
2022-08-24,105.71,102.8,102.8,105.03,102.8,-1
2022-08-25,105.59,103.37,104.95,104.47,104.95,-1
2022-08-26,105.09,102.0,103.77,103.77,103.77,-1
2022-08-29,,,103.77,,103.77,-1
2022-08-30,109.62,104.22,104.45,109.05,104.45,-1
2022-08-31,102.42,99.99,101.14,101.95,101.14,-1
2022-09-01,99.45,97.02,97.02,99.07,97.02,-1
2022-09-02,99.7,97.96,98.79,99.3,98.79,-1
2022-09-05,101.57,98.99,98.99,100.1,98.99,-1
2022-09-06,98.69,95.89,96.14,98.69,96.14,-1
2022-09-07,96.87,91.99,92.78,95.28,92.78,-1
2022-09-08,92.86,90.53,92.3,90.89,92.3,-1
2022-09-09,95.45,93.39,94.98,93.68,94.98,-1
2022-09-12,98.56,96.19,98.38,96.2,98.38,-1
2022-09-13,99.42,95.7,96.04,99.03,96.04,-1
2022-09-14,97.8,93.32,97.74,96.75,97.74,-1
2022-09-15,98.75,95.57,93.55,96.18,93.55,-1
2022-09-16,95.47,93.28,94.81,93.31,94.81,-1
2022-09-19,,,94.81,,94.81,-1
2022-09-20,95.67,92.44,93.71,95.44,93.71,-1
2022-09-21,96.73,92.81,94.12,96.42,94.12,-1
2022-09-22,97.36,94.49,95.17,95.58,95.17,-1
2022-09-23,93.61,89.39,89.39,93.09,89.39,-1
2022-09-26,90.34,87.46,88.7,87.78,88.7,-1
2022-09-27,90.37,87.97,90.37,88.46,90.37,-1
2022-09-28,93.01,89.98,93.01,90.08,93.01,-1
2022-09-29,94.82,92.46,94.02,92.87,94.02,-1
2022-09-30,94.95,92.95,93.4,94.7,93.4,-1
2022-10-03,95.69,93.56,94.61,94.63,94.61,-1
2022-10-04,98.79,95.44,98.31,95.93,98.31,-1
2022-10-05,100.32,97.36,98.95,98.14,98.95,-1
2022-10-06,99.91,98.2,99.91,98.91,99.91,-1
2022-10-07,103.3,100.16,103.06,100.28,103.06,-1
2022-10-10,104.23,102.42,102.51,102.96,102.51,-1
2022-10-11,100.82,96.45,96.45,99.98,96.45,-1
2022-10-12,97.51,94.51,95.0,97.07,95.0,-1
2022-10-13,95.42,92.27,95.21,94.08,95.21,-1
2022-10-14,95.68,92.86,93.74,95.4,93.74,-1
2022-10-17,94.55,91.87,91.87,93.37,91.87,-1
2022-10-18,92.74,88.97,89.22,92.43,89.22,-1
2022-10-19,91.26,89.35,90.39,89.35,90.39,-1
2022-10-20,94.78,92.89,93.47,93.3,93.47,-1
2022-10-21,93.81,91.02,91.87,91.27,91.87,-1
2022-10-24,93.54,90.4,92.25,90.6,92.25,-1
2022-10-25,93.55,90.79,92.24,91.99,92.24,-1
2022-10-26,94.79,91.91,93.41,91.91,93.41,-1
2022-10-27,95.14,93.37,94.9,93.85,94.9,-1
2022-10-28,95.7,93.97,94.91,95.46,94.91,-1
2022-10-31,94.91,93.73,94.14,94.62,94.14,-1
2022-11-01,96.6,94.9,95.83,94.92,95.83,-1
2022-11-02,97.64,95.21,97.5,96.17,97.5,-1
2022-11-03,96.72,95.44,96.47,96.3,96.47,-1
2022-11-04,99.98,97.75,99.12,98.15,99.12,-1
2022-11-07,101.03,99.11,102.76,99.84,102.76,-1
2022-11-08,101.51,100.2,99.95,100.52,99.95,-1
2022-11-09,98.02,95.82,95.63,97.76,95.63,-1
2022-11-10,95.93,93.39,95.63,94.18,95.63,-1
2022-11-11,98.76,97.52,97.6,97.69,97.6,-1
2022-11-14,72.91,71.08,96.64,72.55,96.64,-1
2022-11-15,95.53,93.59,95.32,94.16,95.32,-1
2022-11-16,96.75,93.69,93.19,96.19,93.19,-1
2022-11-17,94.08,91.46,93.08,93.73,93.08,-1
2022-11-18,92.9,88.47,90.17,92.86,90.17,-1
2022-11-21,90.47,84.68,84.68,89.61,84.68,-1
2022-11-22,91.53,89.3,91.31,90.06,91.31,-1
2022-11-23,91.75,86.43,87.56,91.62,87.56,-1
2022-11-24,88.03,86.43,87.72,87.62,87.72,-1
2022-11-25,88.66,86.62,86.7,88.16,86.7,-1
2022-11-28,84.34,82.04,84.95,82.64,84.95,-1
2022-11-29,88.3,85.21,84.95,87.67,84.95,-1
2022-11-30,87.71,86.47,87.09,86.48,87.09,-1
2022-12-01,91.67,88.86,90.0,89.87,90.0,-1
2022-12-02,89.47,87.57,89.4,88.32,89.4,-1
2022-12-05,91.4,87.49,87.49,90.04,87.49,-1
2022-12-06,86.07,82.73,82.82,85.92,82.82,-1
2022-12-07,82.23,79.44,80.46,80.67,80.46,-1
2022-12-08,81.05,77.63,78.27,79.66,78.27,-1
2022-12-09,79.4,77.99,79.24,78.18,79.24,-1
2022-12-12,80.75,77.42,80.31,77.68,80.31,-1
2022-12-13,82.96,80.46,82.24,81.46,82.24,-1
2022-12-14,84.48,82.06,85.37,82.29,85.37,-1
2022-12-15,85.92,83.81,84.34,84.89,84.34,-1
2022-12-16,83.08,81.48,81.86,82.98,81.86,-1
2022-12-19,83.9,82.2,83.84,83.25,83.84,-1
2022-12-20,84.56,80.7,80.7,84.18,80.7,-1
2022-12-21,83.64,82.04,81.52,82.35,81.52,-1
2022-12-22,83.94,81.47,82.83,83.13,82.83,-1
2022-12-23,84.3,82.65,84.04,82.97,84.04,-1
2022-12-28,84.82,82.44,82.86,84.07,82.86,-1
2022-12-29,83.06,81.96,82.79,81.96,82.79,-1
2022-12-30,83.88,82.13,83.33,83.46,83.33,-1
2023-01-03,86.5,83.14,83.56,86.32,83.56,-1
2023-01-04,80.92,78.19,77.58,80.75,77.58,-1
2023-01-05,79.46,77.1,79.33,79.0,79.33,-1
2023-01-06,80.69,78.43,79.62,78.7,79.62,-1
2023-01-09,80.38,78.81,79.51,79.4,79.51,-1
2023-01-10,80.38,78.81,80.11,79.4,80.11,-1
2023-01-11,82.57,80.68,82.48,81.04,82.48,-1
2023-01-12,85.23,83.6,84.93,83.64,84.93,-1
2023-01-13,85.88,84.6,85.2,84.93,85.2,-1
2023-01-16,85.37,84.11,84.65,85.02,84.65,-1
2023-01-17,87.25,85.02,85.91,85.41,85.91,-1
2023-01-18,88.25,87.21,87.97,87.32,87.97,-1
2023-01-19,87.07,84.92,86.52,85.1,86.52,-1
2023-01-20,88.3,86.59,88.3,87.84,88.3,-1
2023-01-23,90.52,88.58,88.58,89.38,88.58,-1
2023-01-24,88.41,86.11,86.11,87.68,86.11,-1
2023-01-25,86.11,84.73,85.64,85.78,85.64,-1
2023-01-26,87.18,85.49,86.72,85.56,86.72,-1
2023-01-27,88.09,85.58,85.77,87.72,85.77,-1
2023-01-30,85.99,83.92,84.91,85.54,84.91,-1
2023-01-31,83.53,82.53,83.35,82.75,83.35,-1
2023-02-01,85.08,83.27,83.48,84.48,83.48,-1
2023-02-02,82.2,80.33,80.86,81.69,80.86,-1
2023-02-03,83.01,80.42,80.92,81.34,80.92,-1
2023-02-06,80.46,78.32,79.92,79.24,79.92,-1
2023-02-07,82.67,81.19,82.42,82.05,82.42,-1
2023-02-08,84.3,83.07,83.39,84.06,83.39,-1
2023-02-09,84.9,82.47,83.33,84.22,83.33,-1
2023-02-10,86.17,84.47,85.73,86.07,85.73,-1
2023-02-13,85.86,84.47,85.79,84.64,85.79,-1
2023-02-14,85.91,83.88,84.97,85.82,84.97,-1
2023-02-15,84.95,83.4,83.4,83.88,83.4,-1
2023-02-16,85.01,83.9,84.41,84.6,84.41,-1
2023-02-17,83.03,80.83,82.21,82.69,82.21,-1
2023-02-20,83.59,82.35,82.59,83.11,82.59,-1
2023-02-21,83.31,81.67,82.47,81.96,82.47,-1
2023-02-22,82.24,80.42,80.53,81.77,80.53,-1
2023-02-23,81.86,79.96,81.86,80.02,81.86,-1
2023-02-24,83.52,81.21,82.14,83.11,82.14,-1
2023-02-27,83.05,81.29,81.54,82.94,81.54,-1
2023-02-28,83.79,83.28,83.57,83.35,83.57,-1
2023-03-01,84.1,82.26,83.19,82.95,83.19,-1
2023-03-02,84.66,83.89,84.62,84.47,84.62,-1
2023-03-03,85.83,82.85,85.46,84.4,85.46,-1
2023-03-06,86.31,84.53,85.93,85.46,85.93,-1
2023-03-07,86.27,84.01,84.15,85.94,84.15,-1
2023-03-08,83.52,82.09,82.36,83.09,82.36,-1
2023-03-09,83.73,82.1,82.9,82.12,82.9,-1
2023-03-10,82.6,80.74,82.5,81.19,82.5,-1
2023-03-13,82.24,78.19,81.25,81.26,81.25,-1
2023-03-14,80.22,78.51,79.07,78.79,79.07,-1
2023-03-15,77.84,71.58,72.25,77.59,72.25,-1
2023-03-16,74.59,71.65,73.19,74.02,73.19,-1
2023-03-17,74.82,71.51,72.17,74.12,72.17,-1
2023-03-20,71.91,69.46,71.71,70.29,71.71,-1
2023-03-21,74.52,72.87,74.52,73.62,74.52,-1
2023-03-22,76.26,74.62,76.01,75.02,76.01,-1
2023-03-23,77.29,75.57,75.96,75.99,75.96,-1
2023-03-24,74.52,71.91,73.03,74.4,73.03,-1
2023-03-27,75.17,73.76,75.05,74.2,75.05,-1
2023-03-28,77.93,76.28,77.93,77.25,77.93,-1
2023-03-29,79.08,78.09,78.27,78.34,78.27,-1
2023-03-30,78.55,77.34,78.45,78.01,78.45,-1
2023-03-31,79.84,78.58,79.5,78.73,79.5,-1
2023-04-03,86.4,83.23,86.4,83.71,86.4,-1
2023-04-04,87.68,85.7,85.88,87.16,85.88,-1
2023-04-05,86.81,85.41,86.1,86.78,86.1,-1
2023-04-06,87.12,85.62,86.92,85.67,86.92,-1
2023-04-07,,,86.92,,86.92,-1
2023-04-11,87.69,85.77,87.69,86.8,87.69,-1
2023-04-12,89.85,88.2,89.14,88.29,89.14,-1
2023-04-13,89.51,88.33,88.33,89.33,88.33,-1
2023-04-14,88.88,86.98,88.88,87.57,88.88,-1
2023-04-17,88.65,87.24,87.24,88.42,87.24,-1
2023-04-18,87.42,86.03,87.15,86.81,87.15,-1
2023-04-19,87.42,84.57,87.42,85.71,87.42,-1
2023-04-20,85.74,84.43,84.85,85.65,84.85,-1
2023-04-21,85.93,84.74,84.8,85.11,84.8,-1
2023-04-24,85.74,83.81,85.38,84.41,85.38,-1
2023-04-25,86.02,83.3,83.57,86.02,83.57,-1
2023-04-26,84.26,81.75,83.29,83.78,83.29,-1
2023-04-27,,,81.24,,81.24,-1
2023-04-28,82.77,80.85,82.65,81.33,82.65,-1
2023-05-02,82.65,78.59,78.59,82.29,78.59,-1
2023-05-03,76.95,73.99,73.99,76.87,73.99,-1
2023-05-04,75.42,73.53,74.5,75.11,74.5,-1
2023-05-05,77.65,75.26,77.03,75.35,77.03,-1
2023-05-08,,,78.98,,78.98,-1
2023-05-09,78.74,76.94,76.94,78.07,76.94,-1
2023-05-10,79.39,77.65,78.6,78.13,78.6,-1
2023-05-11,79.18,76.39,77.47,78.74,77.47,-1
2023-05-12,77.69,76.08,76.49,76.37,76.49,-1
2023-05-15,77.47,76.01,76.91,76.27,76.91,-1
2023-05-16,77.59,76.21,76.62,77.18,76.62,-1
2023-05-17,77.99,76.13,77.57,76.13,77.57,-1
2023-05-18,78.45,77.22,77.31,78.17,77.31,-1
2023-05-19,78.85,76.93,76.93,77.5,76.93,-1
2023-05-22,77.37,76.55,77.23,76.65,77.23,-1
2023-05-23,79.1,77.22,78.41,77.5,78.41,-1
2023-05-24,79.97,78.91,79.19,78.97,79.19,-1
2023-05-25,78.84,77.03,77.03,78.8,77.03,-1
2023-05-26,78.2,76.99,77.82,77.26,77.82,-1
2023-05-29,,,77.82,,77.82,-1
2023-05-30,77.07,74.48,75.55,76.9,75.55,-1
2023-05-31,74.68,72.67,72.7,74.68,72.7,-1
2023-06-01,74.58,71.96,74.55,72.75,74.55,-1
2023-06-02,76.45,74.61,75.83,74.61,75.83,-1
2023-06-05,78.25,76.55,77.47,77.78,77.47,-1
2023-06-06,76.85,74.82,76.53,75.27,76.53,-1
2023-06-07,77.59,76.07,77.4,76.13,77.4,-1
2023-06-08,77.8,76.24,76.36,77.06,76.36,-1
2023-06-09,76.72,75.67,76.3,76.07,76.3,-1
2023-06-12,73.74,71.85,72.8,73.29,72.8,-1
2023-06-13,74.79,72.62,74.31,72.69,74.31,-1
2023-06-14,75.67,74.13,74.38,75.31,74.38,-1
2023-06-15,75.47,73.58,75.14,74.14,75.14,-1
2023-06-16,76.64,75.39,76.03,75.95,76.03,-1
2023-06-19,77.21,76.19,76.29,76.53,76.29,-1
2023-06-20,77.31,74.68,75.15,76.78,75.15,-1
2023-06-21,77.1,75.62,76.96,76.1,76.96,-1
2023-06-22,76.81,73.94,74.27,76.81,74.27,-1
2023-06-23,73.86,72.12,73.55,73.03,73.55,-1
2023-06-26,74.7,73.38,73.94,73.43,73.94,-1
2023-06-27,74.6,72.36,73.31,74.3,73.31,-1
2023-06-28,73.81,71.41,73.6,72.08,73.6,-1
2023-06-29,74.8,73.21,73.34,73.4,73.34,-1
2023-06-30,75.14,74.02,74.67,74.67,74.67,-1
2023-07-03,75.82,75.81,75.81,75.8,75.81,-1
2023-07-04,76.38,75.14,76.38,75.21,76.38,-1
2023-07-05,77.15,75.63,76.83,75.7,76.83,-1
2023-07-06,,,75.69,,75.69,-1
2023-07-07,78.22,76.46,78.0,77.2,78.0,-1
2023-07-10,79.2,78.05,78.73,78.25,78.73,-1
2023-07-11,79.66,77.93,79.45,78.63,79.45,-1
2023-07-12,80.85,79.57,80.43,79.81,80.43,-1
2023-07-13,81.79,80.32,80.79,80.97,80.79,-1
2023-07-14,81.67,79.8,80.45,81.37,80.45,-1
2023-07-17,80.84,78.48,78.71,78.96,78.71,-1
2023-07-18,79.78,77.92,79.78,78.14,79.78,-1
2023-07-19,81.06,79.93,80.6,80.03,80.6,-1
2023-07-20,80.38,79.44,79.49,79.92,79.49,-1
2023-07-21,81.05,80.05,80.62,80.39,80.62,-1
2023-07-24,82.84,80.93,82.61,81.21,82.61,-1
2023-07-25,83.33,82.25,83.0,82.72,83.0,-1
2023-07-26,83.99,82.58,83.99,83.13,83.99,-1
2023-07-27,84.51,83.29,84.25,83.87,84.25,-1
2023-07-28,84.73,83.52,83.8,84.39,83.8,-1
2023-07-31,,,85.43,,85.43,-1
2023-08-01,85.43,84.08,85.43,84.91,85.43,-1
2023-08-02,86.32,83.65,84.74,85.91,84.74,-1
2023-08-03,86.46,84.1,86.46,84.19,86.46,-1
2023-08-04,87.71,86.82,87.71,87.27,87.71,-1
2023-08-07,87.84,86.89,87.26,87.84,87.26,-1
2023-08-08,87.65,85.31,87.65,86.37,87.65,-1
2023-08-09,90.29,88.94,89.58,88.94,89.58,-1
2023-08-10,90.61,88.99,88.99,90.47,88.99,-1
2023-08-11,89.03,87.73,89.03,88.5,89.03,-1
2023-08-14,88.73,87.55,88.48,88.49,88.48,-1
2023-08-15,88.54,86.49,86.99,88.22,86.99,-1
2023-08-16,87.5,86.65,86.78,87.2,86.78,-1
2023-08-17,86.74,85.34,86.69,85.69,86.69,-1
2023-08-18,86.53,85.27,86.39,85.99,86.39,-1
2023-08-21,87.83,86.66,86.99,87.51,86.99,-1
2023-08-22,86.49,85.68,85.73,86.0,85.73,-1
2023-08-23,85.34,83.5,84.83,85.05,84.83,-1
2023-08-24,85.17,83.52,84.71,84.46,84.71,-1
2023-08-25,86.32,85.43,85.95,85.88,85.95,-1
2023-08-28,,,85.95,,85.95,-1
2023-08-29,86.95,85.56,86.65,86.31,86.65,-1
2023-08-30,87.99,86.73,86.73,87.4,86.73,-1
2023-08-31,88.5,87.55,87.97,87.63,87.97,-1
2023-09-01,90.11,88.25,90.11,88.31,90.11,-1
2023-09-04,91.29,90.55,91.15,90.61,91.15,-1
2023-09-05,93.02,90.39,92.68,90.47,92.68,-1
2023-09-06,92.36,91.32,92.13,91.36,92.13,-1
2023-09-07,92.76,91.97,92.5,92.36,92.5,-1
2023-09-08,93.06,91.73,92.89,91.95,92.89,-1
2023-09-11,93.52,92.25,92.65,92.46,92.65,-1
2023-09-12,94.58,93.22,94.58,93.28,94.58,-1
2023-09-13,95.19,94.02,94.02,95.04,94.02,-1
2023-09-14,95.62,94.26,95.53,94.6,95.53,-1
2023-09-15,96.38,94.84,96.13,96.38,96.13,-1
2023-09-18,97.37,97.08,97.08,96.55,97.08,-1
2023-09-19,98.35,97.07,97.74,97.59,97.74,-1
2023-09-20,97.2,95.25,97.74,95.75,97.74,-1
2023-09-21,96.52,94.12,95.44,94.43,95.44,-1
2023-09-22,95.96,94.78,95.24,94.79,95.24,-1
2023-09-25,95.54,94.12,94.56,95.51,94.56,-1
2023-09-26,95.3,93.67,95.02,93.8,95.02,-1
2023-09-27,98.36,95.62,98.36,95.89,98.36,-1
2023-09-28,98.18,96.91,98.18,98.12,98.18,-1
2023-09-29,98.36,96.87,96.87,97.17,96.87,-1
2023-10-02,94.7,92.03,92.03,93.82,92.03,-1
2023-10-03,96.96,95.45,96.53,96.27,96.53,-1
2023-10-04,96.03,93.01,93.85,95.69,93.85,-1
2023-10-05,92.05,90.08,90.78,91.92,90.78,-1
2023-10-06,91.15,89.72,90.27,90.51,90.27,-1
2023-10-09,94.22,92.54,93.68,92.74,93.68,-1
2023-10-10,94.31,92.73,93.09,93.99,93.09,-1
2023-10-11,93.55,89.82,89.82,93.4,89.82,-1
2023-10-12,91.78,90.69,91.64,90.7,91.64,-1
2023-10-13,95.6,93.15,95.6,93.2,95.6,-1
2023-10-16,97.47,94.25,94.25,96.35,94.25,-1
2023-10-17,94.41,93.12,93.15,93.58,93.15,-1
2023-10-18,97.93,94.31,94.31,96.58,94.31,-1
2023-10-19,94.73,92.63,94.73,93.53,94.73,-1
2023-10-20,97.54,96.08,97.54,96.7,97.54,-1
2023-10-23,96.64,95.25,96.04,96.35,96.04,-1
2023-10-24,95.15,90.29,90.29,94.39,90.29,-1
2023-10-25,91.03,89.14,91.03,90.55,91.03,-1
2023-10-26,92.41,90.13,91.8,92.29,91.8,-1
2023-10-27,93.39,90.98,91.41,92.88,91.41,-1
2023-10-30,92.77,90.48,90.94,91.99,90.94,-1
2023-10-31,93.23,92.12,92.4,92.77,92.4,-1
2023-11-01,89.23,87.76,90.88,87.79,90.88,-1
2023-11-02,91.18,89.25,91.06,90.66,91.06,-1
2023-11-03,92.51,89.98,90.4,91.71,90.4,-1
2023-11-06,91.15,90.18,90.64,90.72,90.64,-1
2023-11-07,88.52,87.13,87.06,88.14,87.06,-1
2023-11-08,86.23,84.23,85.01,86.12,85.01,-1
2023-11-09,86.03,84.46,85.06,84.81,85.06,-1
2023-11-10,85.77,84.81,86.16,84.81,86.16,-1
2023-11-13,87.3,85.98,86.6,86.07,86.6,-1
2023-11-14,88.12,86.21,87.73,86.72,87.73,-1
2023-11-15,86.74,85.46,85.46,86.18,85.46,-1
2023-11-16,85.06,80.7,80.7,84.74,80.7,-1
2023-11-17,82.82,80.71,82.95,80.75,82.95,-1
2023-11-20,86.21,84.14,86.21,84.46,86.21,-1
2023-11-21,85.83,84.94,84.37,85.32,84.37,-1
2023-11-22,84.92,81.0,81.71,84.83,81.71,-1
2023-11-23,83.75,82.56,83.18,83.15,83.18,-1
2023-11-24,84.37,83.17,84.25,83.65,84.25,-1
2023-11-27,83.36,81.32,82.54,82.2,82.54,-1
2023-11-28,84.23,81.96,84.53,82.82,84.53,-1
2023-11-29,85.61,83.51,84.71,84.53,84.71,-1
2023-11-30,87.3,85.13,85.2,86.11,85.2,-1
2023-12-01,83.13,81.7,83.69,82.06,83.69,-1
2023-12-04,81.98,79.97,81.08,80.21,81.08,-1
2023-12-05,81.79,79.89,80.94,81.53,80.94,-1
2023-12-06,79.81,77.16,77.34,79.81,77.34,-1
2023-12-07,78.14,76.91,77.08,78.14,77.08,-1
2023-12-08,79.1,77.84,78.59,78.64,78.59,-1
2023-12-11,78.77,77.79,78.35,78.66,78.35,-1
2023-12-12,79.67,76.6,76.71,79.65,76.71,-1
2023-12-13,77.2,75.73,76.74,75.82,76.74,-1
2023-12-14,79.74,77.99,79.65,78.05,79.65,-1
2023-12-15,80.09,78.19,79.44,79.69,79.44,-1
2023-12-18,82.37,78.64,81.49,79.42,81.49,-1
2023-12-19,82.49,80.71,82.42,80.89,82.42,-1
2023-12-20,83.84,82.92,83.72,83.07,83.72,-1
2023-12-21,84.01,81.9,83.29,83.94,83.29,-1
2023-12-22,84.43,82.29,82.83,84.38,82.83,-1
2023-12-27,84.49,83.26,83.57,84.32,83.57,-1
2023-12-28,82.26,81.22,81.64,82.06,81.64,-1
2023-12-29,80.6,79.19,80.3,79.8,80.3,-1
2024-01-02,81.73,78.8,78.83,81.29,78.83,-1
2024-01-03,80.23,76.82,79.78,76.83,79.78,-1
2024-01-04,80.87,78.28,78.38,80.85,78.38,-1
2024-01-05,81.24,79.68,80.91,80.39,80.91,-1
2024-01-08,80.32,77.64,78.07,80.31,78.07,-1
2024-01-09,80.93,79.52,80.57,80.03,80.57,-1
2024-01-10,82.42,80.71,81.07,81.09,81.07,-1
2024-01-11,82.96,81.62,82.78,81.88,82.78,-1
2024-01-12,84.58,82.21,82.48,83.18,82.48,-1
2024-01-15,82.63,81.34,82.36,82.58,82.36,-1
2024-01-16,83.87,82.1,82.75,83.08,82.75,-1
2024-01-17,81.69,80.44,81.49,80.83,81.49,-1
2024-01-18,83.72,82.38,83.64,83.26,83.64,-1
2024-01-19,84.0,82.98,83.31,83.66,83.31,-1
2024-01-22,84.35,82.26,84.3,82.37,84.3,-1
2024-01-23,84.9,83.2,84.64,84.27,84.64,-1
2024-01-24,84.91,83.57,84.75,84.51,84.75,-1
2024-01-25,85.16,84.15,84.93,84.52,84.93,-1
2024-01-26,86.85,85.72,85.94,85.93,85.94,-1
2024-01-29,87.8,86.04,86.59,87.35,86.59,-1
2024-01-30,87.11,85.3,86.72,86.52,86.72,-1
2024-01-31,86.08,85.44,85.58,85.73,85.58,-1
2024-02-01,84.95,84.05,84.8,84.42,84.8,-1
2024-02-02,84.14,81.61,82.14,83.86,82.14,-1
2024-02-05,82.34,81.3,81.9,81.73,81.9,-1
2024-02-06,83.37,82.12,83.06,82.31,83.06,-1
2024-02-07,84.17,83.36,83.78,83.72,83.78,-1
2024-02-08,85.62,83.43,85.61,83.45,85.61,-1
2024-02-09,86.96,85.72,86.18,86.04,86.18,-1
2024-02-12,86.74,85.33,86.47,86.21,86.47,-1
2024-02-13,87.38,86.45,87.33,86.78,87.33,-1
2024-02-14,88.25,86.89,87.01,87.44,87.01,-1
2024-02-15,87.1,84.99,86.95,85.96,86.95,-1
2024-02-16,87.67,86.24,87.48,86.64,87.48,-1
2024-02-19,88.24,87.24,88.12,87.25,88.12,-1
2024-02-20,88.63,87.2,87.38,88.23,87.38,-1
2024-02-21,87.49,86.25,87.37,86.43,87.37,-1
2024-02-22,88.71,87.34,88.45,88.21,88.45,-1
2024-02-23,86.95,85.91,86.43,86.77,86.43,-1
2024-02-26,86.36,85.15,86.26,85.33,86.26,-1
2024-02-27,86.13,84.97,85.55,85.4,85.55,-1
2024-02-28,86.9,85.31,85.82,85.49,85.82,-1
2024-02-29,86.31,85.74,86.27,85.78,86.27,-1
2024-03-01,86.56,84.94,86.52,84.94,86.52,-1
2024-03-04,89.12,88.03,88.27,88.73,88.27,-1
2024-03-05,87.87,86.47,87.52,87.58,87.52,-1
2024-03-06,88.36,86.78,88.3,86.93,88.3,-1
2024-03-07,86.9,85.86,86.58,86.58,86.58,-1
2024-03-08,87.56,85.55,85.91,87.56,85.91,-1
2024-03-11,85.28,83.61,85.09,84.86,85.09,-1
2024-03-12,85.11,83.86,84.66,84.81,84.66,-1
2024-03-13,85.27,84.06,84.95,84.15,84.95,-1
2024-03-14,87.55,86.46,87.16,86.68,87.16,-1
2024-03-15,86.56,85.73,86.39,85.82,86.39,-1
2024-03-18,87.7,86.49,87.47,87.21,87.47,-1
2024-03-19,88.71,87.55,88.36,87.65,88.36,-1
2024-03-20,87.78,86.51,86.77,87.63,86.77,-1
2024-03-21,85.82,84.81,85.27,85.68,85.27,-1
2024-03-22,85.84,85.0,85.22,85.39,85.22,-1
2024-03-25,86.84,85.27,86.53,85.72,86.53,-1
2024-03-26,86.65,85.69,86.26,86.51,86.26,-1
2024-03-27,84.56,83.72,84.34,83.74,84.34,-1
2024-03-28,85.61,84.54,85.57,84.6,85.57,-1
2024-04-02,87.27,86.12,87.03,86.6,87.03,-1
2024-04-03,90.81,89.49,90.53,89.72,90.53,-1
2024-04-04,90.89,90.29,90.58,90.53,90.58,-1
2024-04-05,93.26,92.21,93.13,92.31,93.13,-1
2024-04-08,93.63,92.05,92.43,92.67,92.43,-1
2024-04-09,93.92,92.5,92.83,93.75,92.83,-1
2024-04-10,93.12,91.77,92.37,92.36,92.37,-1
2024-04-11,93.33,91.79,92.39,93.18,92.39,-1
2024-04-12,94.8,92.9,94.16,93.09,94.16,-1
2024-04-15,92.43,91.16,91.89,91.9,91.89,-1
2024-04-16,92.55,91.63,92.44,92.38,92.44,-1
2024-04-17,91.74,90.42,90.69,91.6,90.69,-1
2024-04-18,90.11,88.53,89.49,89.38,89.49,-1
2024-04-19,89.57,88.05,89.11,89.08,89.11,-1
2024-04-22,88.55,87.44,88.45,87.55,88.45,-1
2024-04-23,89.92,87.76,89.46,89.91,89.46,-1
2024-04-24,90.67,89.63,90.16,90.36,90.16,-1
2024-04-25,90.19,88.98,89.25,90.05,89.25,-1
2024-04-26,91.41,90.38,91.1,90.72,91.1,-1
2024-04-29,90.65,89.49,89.57,90.25,89.57,-1
2024-04-30,90.27,88.94,89.38,90.02,89.38,-1
2024-05-01,86.42,84.58,84.71,85.88,84.71,-1
2024-05-02,86.78,85.4,85.96,86.55,85.96,-1
2024-05-03,85.72,84.42,84.75,85.16,84.75,-1
2024-05-07,84.48,83.16,83.84,84.31,83.84,-1
2024-05-08,83.67,81.86,83.59,82.39,83.59,-1
2024-05-09,85.09,84.28,84.43,84.84,84.43,-1
2024-05-10,85.41,84.52,84.54,84.97,84.54,-1
2024-05-13,85.06,84.05,84.33,84.22,84.33,-1
2024-05-14,83.4,81.96,82.15,82.97,82.15,-1
2024-05-15,81.55,79.67,81.13,81.38,81.13,-1
2024-05-16,83.54,82.07,82.8,82.7,82.8,-1
2024-05-17,83.56,82.87,83.39,83.34,83.39,-1
2024-05-20,83.65,82.39,83.06,83.33,83.06,-1
2024-05-21,82.66,81.34,82.37,82.22,82.37,-1
2024-05-22,81.47,80.52,81.05,80.65,81.05,-1
2024-05-23,81.76,80.31,80.4,80.77,80.4,-1
2024-05-24,80.33,79.01,80.07,79.57,80.07,-1
2024-05-28,82.64,81.67,82.49,81.94,82.49,-1
2024-05-29,83.95,82.56,82.66,83.78,82.66,-1
2024-05-30,83.56,82.35,82.57,83.27,82.57,-1
2024-05-31,81.02,80.01,80.56,80.56,80.56,-1
2024-06-03,80.63,77.59,77.6,80.39,77.6,-1
2024-06-04,76.73,75.71,76.48,76.22,76.48,-1
2024-06-05,77.38,76.41,76.56,76.93,76.56,-1
2024-06-06,78.79,77.47,78.77,78.0,78.77,-1
2024-06-07,80.02,79.19,79.27,79.33,79.27,-1
2024-06-10,80.78,79.25,80.74,79.41,80.74,-1
2024-06-11,81.53,80.75,81.3,81.2,81.3,-1
2024-06-12,82.88,81.53,81.67,82.07,81.67,-1
2024-06-13,83.1,81.88,82.59,82.56,82.59,-1
2024-06-14,83.46,82.26,82.64,82.31,82.64,-1
2024-06-17,83.73,82.51,83.6,82.98,83.6,-1
2024-06-18,86.17,84.56,85.94,84.79,85.94,-1
2024-06-19,87.18,86.29,86.79,86.31,86.79,-1
2024-06-20,87.69,86.83,87.07,86.87,87.07,-1
2024-06-21,87.89,86.97,87.57,87.18,87.57,-1
2024-06-24,88.35,87.16,88.25,87.8,88.25,-1
2024-06-25,88.78,88.02,88.31,88.64,88.31,-1
2024-06-26,88.43,87.17,87.26,87.86,87.26,-1
2024-06-27,88.76,87.78,88.49,87.87,88.49,-1
2024-06-28,89.56,88.58,88.76,89.32,88.76,-1
2024-07-01,88.09,87.14,88.07,87.61,88.07,-1
2024-07-02,90.3,89.38,89.78,89.72,89.78,-1
2024-07-03,90.27,89.26,89.75,89.85,89.75,-1
2024-07-04,89.9,88.89,89.84,88.96,89.84,-1
2024-07-05,90.29,89.52,90.19,89.85,90.19,-1
2024-07-08,88.84,88.08,88.65,88.56,88.65,-1
2024-07-09,88.87,87.93,88.0,88.47,88.0,-1
2024-07-10,88.14,86.77,88.05,87.13,88.05,-1
2024-07-11,88.32,87.27,87.95,88.18,87.95,-1
2024-07-12,89.36,88.46,88.85,89.12,88.85,-1
2024-07-15,88.29,87.44,87.92,87.95,87.92,-1
2024-07-16,88.39,87.32,88.1,88.13,88.1,-1
2024-07-17,87.61,86.1,87.25,86.52,87.25,-1
2024-07-18,88.16,86.99,87.76,88.15,87.76,-1
2024-07-19,88.01,86.68,86.68,87.77,86.68,-1
2024-07-22,85.97,84.5,84.94,85.91,84.94,-1
2024-07-23,85.68,83.58,83.72,85.54,83.72,-1
2024-07-24,84.73,83.72,84.61,84.26,84.61,-1
2024-07-25,84.23,82.62,84.18,83.83,84.18,-1
2024-07-26,84.52,82.48,82.6,84.49,82.6,-1
2024-07-29,83.61,81.7,82.19,83.32,82.19,-1
2024-07-30,82.16,80.65,80.66,82.13,80.66,-1
2024-07-31,83.14,82.42,82.79,82.43,82.79,-1
2024-08-01,84.15,82.65,82.77,83.79,82.77,-1
2024-08-02,83.14,79.57,79.75,82.95,79.75,-1
2024-08-05,79.22,77.4,78.77,78.23,78.77,-1
2024-08-06,78.41,76.86,77.87,77.74,77.87,-1
2024-08-07,79.57,77.29,79.51,77.6,79.51,-1
2024-08-08,82.21,80.78,82.01,81.19,82.01,-1
2024-08-09,,,82.32,,82.32,-1
2024-08-12,84.35,83.44,84.31,83.6,84.31,-1
2024-08-13,85.26,83.7,83.76,84.8,83.76,-1
2024-08-14,84.59,83.12,83.4,84.25,83.4,-1
2024-08-15,84.39,82.87,84.34,82.91,84.34,-1
2024-08-16,83.65,81.64,82.81,83.57,82.81,-1
2024-08-19,82.71,81.7,82.34,82.04,82.34,-1
2024-08-20,81.2,79.46,80.1,79.48,80.1,-1
2024-08-21,81.91,80.8,81.02,80.94,81.02,-1
2024-08-22,81.19,79.66,81.05,79.79,81.05,-1
2024-08-23,82.6,81.27,82.57,81.27,82.57,-1
2024-08-27,84.82,83.4,83.76,84.64,83.76,-1
2024-08-28,82.78,81.3,82.26,81.9,82.26,-1
2024-08-29,84.39,81.75,83.8,81.96,83.8,-1
2024-08-30,84.03,82.18,82.45,83.85,82.45,-1
2024-09-02,80.54,80.01,80.07,80.08,80.07,-1
2024-09-03,81.99,78.59,78.71,81.72,78.71,-1
2024-09-04,78.44,76.39,76.92,76.91,76.92,-1
2024-09-05,77.72,76.4,76.72,76.83,76.72,-1
2024-09-06,77.04,74.86,75.07,76.62,75.07,-1
2024-09-09,75.56,74.12,74.62,75.44,74.62,-1
2024-09-10,74.92,72.15,72.59,74.61,72.59,-1
2024-09-11,73.88,71.95,72.56,73.41,72.56,-1
2024-09-12,76.14,74.32,76.06,74.85,76.06,-1
2024-09-13,76.79,75.73,75.94,76.03,75.94,-1
2024-09-16,77.05,75.34,76.19,75.7,76.19,-1
2024-09-17,77.04,75.59,76.8,76.18,76.8,-1
2024-09-18,77.1,75.51,76.77,76.12,76.77,-1
2024-09-19,78.21,77.13,78.18,77.71,78.18,-1
2024-09-20,78.52,77.52,78.21,78.0,78.21,-1
2024-09-23,77.21,76.05,76.22,76.51,76.22,-1
2024-09-24,77.45,76.32,76.56,76.53,76.56,-1
2024-09-25,77.27,75.54,76.67,77.01,76.67,-1
2024-09-26,74.24,72.57,74.01,73.56,74.01,-1
2024-09-27,72.99,71.88,72.58,72.86,72.58,-1
2024-09-30,73.81,72.35,73.0,73.81,73.0,-1
2024-10-01,76.13,71.31,75.93,71.92,75.93,-1
2024-10-02,77.78,75.49,75.51,76.74,75.51,-1
2024-10-03,79.11,75.81,78.22,76.17,78.22,-1
2024-10-04,80.76,79.52,79.96,80.02,79.96,-1
2024-10-07,82.44,80.8,82.39,81.18,82.39,-1
2024-10-08,81.45,78.62,78.84,81.07,78.84,-1
2024-10-09,79.27,76.41,77.86,78.93,77.86,-1
2024-10-10,81.11,79.5,80.5,79.81,80.5,-1
2024-10-11,81.69,80.45,81.32,81.1,81.32,-1
2024-10-14,80.15,78.88,79.52,79.95,79.52,-1
2024-10-15,75.81,74.37,74.73,75.34,74.73,-1
2024-10-16,75.38,74.19,74.7,74.91,74.7,-1
2024-10-17,75.88,75.16,75.42,75.66,75.42,-1
2024-10-18,75.97,73.69,73.8,75.67,73.8,-1
2024-10-21,75.21,74.17,74.34,74.44,74.34,-1
2024-10-22,76.69,74.45,76.64,74.52,76.64,-1
2024-10-23,76.5,75.23,75.73,76.39,75.73,-1
2024-10-24,77.35,75.0,75.32,76.89,75.32,-1
2024-10-25,76.92,75.05,76.68,75.18,76.68,-1
2024-10-28,73.24,72.13,72.92,72.6,72.92,-1
2024-10-29,73.34,71.48,71.74,72.61,71.74,-1
2024-10-30,74.21,72.66,73.86,72.76,73.86,-1
2024-10-31,74.16,73.37,73.9,73.58,73.9,-1
2024-11-01,75.25,73.76,73.87,75.21,73.87,-1
2024-11-04,75.88,74.75,75.15,75.4,75.15,-1
2024-11-05,77.87,76.97,77.74,77.21,77.74,-1
2024-11-06,77.71,75.08,77.28,75.87,77.28,-1
2024-11-07,76.76,75.47,76.49,76.12,76.49,-1
2024-11-08,76.22,74.63,74.8,75.84,74.8,-1
2024-11-11,74.07,72.27,72.54,73.93,72.54,-1
2024-11-12,73.57,72.32,72.91,72.9,72.91,-1
2024-11-13,73.84,71.97,73.36,73.65,73.36,-1
2024-11-14,75.13,73.85,74.29,73.91,74.29,-1
2024-11-15,74.69,73.73,74.34,74.04,74.34,-1
2024-11-18,75.53,73.37,75.4,73.37,75.4,-1
2024-11-19,76.64,75.4,75.62,75.54,75.62,-1
2024-11-20,76.32,75.38,75.63,76.12,75.63,-1
2024-11-21,76.86,75.99,76.39,75.99,76.39,-1
2024-11-22,77.64,75.93,77.4,76.9,77.4,-1
2024-11-25,77.7,75.47,75.55,77.33,75.55,-1
2024-11-26,76.77,75.67,75.86,75.87,75.86,-1
2024-11-27,75.7,74.95,75.21,75.37,75.21,-1
2024-11-28,75.87,75.14,75.27,75.14,75.27,-1
2024-11-29,75.74,74.83,75.46,75.16,75.46,-1
2024-12-02,75.21,74.02,74.1,74.82,74.1,-1
2024-12-03,76.15,74.87,76.08,75.1,76.08,-1
2024-12-04,76.91,75.74,75.96,76.44,75.96,-1
2024-12-05,76.52,75.43,75.73,76.09,75.73,-1
2024-12-06,75.06,74.48,74.72,75.04,74.72,-1
2024-12-09,75.27,74.35,75.02,75.04,75.02,-1
2024-12-10,75.76,74.58,75.59,75.1,75.59,-1
2024-12-11,76.49,75.83,76.32,76.13,76.32,-1
2024-12-12,76.74,75.3,75.46,76.67,75.46,-1
2024-12-13,77.02,76.33,76.84,76.34,76.84,-1
2024-12-16,76.18,75.54,75.6,75.78,75.6,-1
2024-12-17,76.05,74.93,75.11,75.78,75.11,-1
2024-12-18,76.64,75.92,76.52,76.18,76.52,-1
2024-12-19,76.73,75.58,75.7,76.16,75.7,-1
2024-12-20,75.24,74.33,75.14,74.6,75.14,-1
2024-12-23,74.7,73.34,73.42,74.67,73.42,-1
2024-12-24,75.51,74.45,75.45,74.77,75.45,-1
2024-12-27,75.85,75.07,75.72,75.12,75.72,-1
2024-12-30,75.78,75.07,75.54,75.32,75.54,-1
2024-12-31,76.54,75.64,76.53,76.16,76.53,-1
2025-01-02,78.35,76.78,78.09,76.79,78.09,-1
2025-01-03,77.02,76.11,76.92,76.18,76.92,-1
2025-01-06,78.32,76.97,77.47,77.12,77.47,-1
2025-01-07,78.34,77.2,78.06,77.41,78.06,-1
2025-01-08,79.26,77.51,77.57,79.13,77.57,-1
2025-01-09,78.69,77.47,78.64,77.5,78.64,-1
2025-01-10,82.49,80.16,80.58,80.25,80.58,-1
2025-01-13,84.29,83.22,83.99,83.78,83.99,-1
2025-01-14,84.5,83.23,83.69,84.43,83.69,-1
2025-01-15,84.36,82.43,84.28,82.54,84.28,-1
2025-01-16,84.56,83.09,83.19,84.36,83.19,-1
2025-01-17,84.69,83.43,83.82,84.34,83.82,-1
2025-01-20,84.19,82.65,82.98,83.8,82.98,-1
2025-01-21,81.45,80.34,81.37,81.37,81.37,-1
2025-01-22,81.49,80.43,80.78,81.31,80.78,-1
2025-01-23,80.78,79.39,79.56,80.33,79.56,-1
2025-01-24,80.03,79.0,79.4,79.54,79.4,-1
2025-01-27,80.03,78.16,78.29,79.35,78.29,-1
2025-01-28,79.23,78.06,78.19,78.5,78.19,-1
2025-01-29,78.87,77.88,78.59,78.08,78.59,-1
2025-01-30,78.79,77.28,78.53,77.57,78.53,-1
2025-01-31,78.33,77.83,78.25,78.14,78.25,-1
2025-02-03,78.89,76.75,77.28,78.11,77.28,-1
2025-02-04,77.99,75.48,77.43,76.26,77.43,-1
2025-02-05,77.03,75.82,75.87,76.76,75.87,-1
2025-02-06,76.26,75.13,75.66,75.88,75.66,-1
2025-02-07,76.07,75.36,75.49,75.75,75.49,-1
2025-02-10,77.1,76.6,77.07,76.7,77.07,-1
2025-02-11,78.4,77.58,77.92,77.86,77.92,-1
2025-02-12,77.87,77.09,77.31,77.83,77.31,-1
2025-02-13,76.09,75.06,76.07,75.59,76.07,-1
2025-02-14,77.2,75.98,76.14,76.76,76.14,-1
2025-02-17,76.97,75.73,76.22,76.6,76.22,-1
2025-02-18,77.37,76.2,76.92,77.02,76.92,-1
2025-02-19,78.21,77.54,77.8,77.77,77.8,-1
2025-02-20,77.92,77.11,77.9,77.12,77.9,-1
2025-02-21,77.49,76.18,76.27,77.33,76.27,-1
2025-02-24,76.12,75.54,75.97,75.69,75.97,-1
2025-02-25,75.79,73.69,73.7,75.68,73.7,-1
2025-02-26,74.16,73.39,73.67,74.1,73.67,-1
2025-02-27,75.79,74.73,75.55,74.74,75.55,-1
2025-02-28,75.29,74.73,74.9,75.13,74.9,-1
2025-03-03,75.78,74.75,74.96,74.93,74.96,-1
2025-03-04,73.01,71.83,72.47,72.64,72.47,-1
2025-03-05,73.04,70.61,70.64,73.04,70.64,-1
2025-03-06,72.29,71.28,71.3,71.98,71.3,-1
2025-03-07,73.83,72.52,73.04,72.77,73.04,-1
2025-03-10,73.82,72.52,72.57,73.39,72.57,-1
2025-03-11,73.14,72.41,72.58,72.49,72.58,-1
2025-03-12,73.63,72.5,73.58,72.6,73.58,-1
2025-03-13,73.22,72.1,72.52,73.12,72.52,-1
2025-03-14,72.47,71.75,72.17,72.36,72.17,-1
2025-03-17,73.82,72.91,73.29,73.56,73.29,-1
2025-03-18,73.87,73.67,73.8,73.68,73.8,123
