Date,CLOSE,NOK_EUR
2020-01-01,9.8487,0.1015362433620681
2020-01-02,9.8257,0.1017739194154106
2020-01-03,9.8615,0.1014044516554277
2020-01-06,9.8445,0.101579562192087
2020-01-07,9.8757,0.1012586449568132
2020-01-08,9.8523,0.1014991423322473
2020-01-09,9.8652,0.1013664193326035
2020-01-10,9.8817,0.1011971624315654
2020-01-13,9.904,0.1009693053311793
2020-01-14,9.872,0.1012965964343598
2020-01-15,9.8794,0.1012207219061886
2020-01-16,9.8942,0.1010693133350852
2020-01-17,9.8791,0.1012237956898908
2020-01-20,9.9033,0.1009764421960357
2020-01-21,9.9682,0.1003190144660019
2020-01-22,9.9599,0.1004026144840812
2020-01-23,9.9451,0.1005520306482589
2020-01-24,9.9688,0.1003129764866383
2020-01-27,10.0739,0.09926642114771836
2020-01-28,10.045,0.09955201592832255
2020-01-29,10.0848,0.09915913057274314
2020-01-30,10.1273,0.09874300158976232
2020-01-31,10.218,0.09786651008025053
2020-02-03,10.266,0.0974089226573154
2020-02-04,10.1701,0.09832745007423722
2020-02-05,10.129,0.09872642906506073
2020-02-06,10.1228,0.09878689690599439
2020-02-07,10.179,0.09824147755182237
2020-02-10,10.1348,0.09866992935233058
2020-02-11,10.0964,0.09904520423121113
2020-02-12,10.0304,0.09969692135906844
2020-02-13,10.0298,0.09970288540150352
2020-02-14,10.0164,0.0998362685196278
2020-02-17,10.0284,0.09971680427585657
2020-02-18,10.0681,0.09932360624149542
2020-02-19,10.0195,0.09980537950995558
2020-02-20,10.05,0.09950248756218905
2020-02-21,10.0599,0.0994045666457917
2020-02-24,10.1555,0.0984688100044311
2020-02-25,10.185,0.09818360333824251
2020-02-26,10.2203,0.09784448597399294
2020-02-27,10.331,0.09679605072113058
2020-02-28,10.3562,0.09656051447442113
2020-03-02,10.3438,0.09667626984280439
2020-03-03,10.3624,0.09650274067783526
2020-03-04,10.306,0.09703085581214826
2020-03-05,10.434,0.09584052137243627
2020-03-06,10.435,0.095831336847149
2020-03-09,10.9549,0.09128335265497631
2020-03-10,10.826,0.09237021984112322
2020-03-11,10.919,0.09158347834050737
2020-03-12,11.3478,0.08812280794515237
2020-03-13,11.125,0.0898876404494382
2020-03-16,11.494,0.08700191404210893
2020-03-17,11.533,0.08670770831526924
2020-03-18,12.338,0.08105041335710812
2020-03-19,12.028,0.08313934153641503
2020-03-20,12.666,0.07895152376440866
2020-03-23,12.418,0.08052826542116283
2020-03-24,12.0033,0.0833104229670174
2020-03-25,11.697,0.0854920064973925
2020-03-26,11.498,0.08697164724299879
2020-03-27,11.6825,0.0855981168414295
2020-03-30,11.64,0.0859106529209622
2020-03-31,11.481,0.08710042679209128
2020-04-01,11.464,0.08722958827634333
2020-04-02,11.2798,0.08865405414989627
2020-04-03,11.453,0.08731336767659129
2020-04-06,11.248,0.08890469416785207
2020-04-07,11.2018,0.08927136710171579
2020-04-08,11.132,0.08983111749910169
2020-04-09,11.192,0.08934953538241601
2020-04-10,11.157,0.08962982880702698
2020-04-13,11.2579,0.08882651293758162
2020-04-14,11.322,0.08832361773538244
2020-04-15,11.4641,0.08722882738287349
2020-04-16,11.3334,0.0882347750895583
2020-04-17,11.2326,0.08902658333778467
2020-04-20,11.36,0.08802816901408451
2020-04-21,11.563,0.08648274669203493
2020-04-22,11.6533,0.08581260243879417
2020-04-23,11.4608,0.0872539438782633
2020-04-24,11.4898,0.0870337168619123
2020-04-27,11.3775,0.08789277081960009
2020-04-28,11.2548,0.08885097913779011
2020-04-29,11.2208,0.08912020533295309
2020-04-30,11.227,0.08907098957869422
2020-05-01,11.355,0.08806693086745926
2020-05-04,11.265,0.08877052818464269
2020-05-05,11.1249,0.08988844843549156
2020-05-06,11.098,0.09010632546404757
2020-05-07,11.104,0.09005763688760808
2020-05-08,11.0676,0.0903538255809751
2020-05-11,11.1344,0.08981175456243713
2020-05-12,11.0344,0.0906256796925977
2020-05-13,11.0,0.09090909090909091
2020-05-14,10.97,0.09115770282588878
2020-05-15,11.0708,0.09032770892799075
2020-05-18,10.9454,0.09136258154110403
2020-05-19,10.9001,0.09174227759378355
2020-05-20,10.8769,0.09193796026441359
2020-05-21,10.8823,0.09189233893570292
2020-05-22,10.9074,0.09168087720263307
2020-05-25,10.964,0.09120758847136082
2020-05-26,10.867,0.09202171712524156
2020-05-27,10.859,0.09208951100469656
2020-05-28,10.831,0.09232757824762257
2020-05-29,10.786,0.09271277582050808
2020-06-01,10.7025,0.09343611305769679
2020-06-02,10.6624,0.09378751500600241
2020-06-03,10.624,0.09412650602409638
2020-06-04,10.612,0.09423294383716548
2020-06-05,10.5093,0.09515381614379645
2020-06-08,10.465,0.09555661729574773
2020-06-09,10.518,0.09507510933637572
2020-06-10,10.564,0.09466111321469141
2020-06-11,10.87,0.09199632014719412
2020-06-12,10.8575,0.09210223347916187
2020-06-15,10.801,0.09258401999814832
2020-06-16,10.7734,0.09282120778955576
2020-06-17,10.6992,0.09346493195752954
2020-06-18,10.7015,0.09344484418072234
2020-06-19,10.7733,0.09282206937521464
2020-06-22,10.8018,0.09257716306541502
2020-06-23,10.756,0.09297136481963555
2020-06-24,10.883,0.0918864283745291
2020-06-25,10.842,0.09223390518354546
2020-06-26,10.9059,0.09169348701161756
2020-06-29,10.872,0.09197939661515821
2020-06-30,10.811,0.09249838127832763
2020-07-01,10.7025,0.09343611305769679
2020-07-02,10.72,0.09328358208955223
2020-07-03,10.6734,0.09369085764611089
2020-07-06,10.6206,0.09415663898461481
2020-07-07,10.7055,0.09340992947550324
2020-07-08,10.631,0.09406452826639074
2020-07-09,10.6843,0.09359527531050232
2020-07-10,10.674,0.0936855911560802
2020-07-13,10.7227,0.09326009307357289
2020-07-14,10.697,0.09348415443582314
2020-07-15,10.5775,0.09454029780193807
2020-07-16,10.597,0.09436633009342267
2020-07-17,10.624,0.09412650602409638
2020-07-20,10.5664,0.09463961235614779
2020-07-21,10.5033,0.09520817266954196
2020-07-22,10.597,0.09436633009342267
2020-07-23,10.6968,0.09348590232592925
2020-07-24,10.676,0.09366804046459348
2020-07-27,10.6835,0.09360228389572706
2020-07-28,10.682,0.09361542782250515
2020-07-29,10.6427,0.09396111888900373
2020-07-30,10.752,0.09300595238095237
2020-07-31,10.7416,0.09309600059581441
2020-08-03,10.741,0.09310120100549298
2020-08-04,10.7361,0.09314369277484374
2020-08-05,10.6176,0.09418324291742014
2020-08-06,10.6476,0.09391787820729554
2020-08-07,10.6618,0.09379279296178882
2020-08-10,10.602,0.09432182607055273
2020-08-11,10.576,0.094553706505295
2020-08-12,10.547,0.0948136910969944
2020-08-13,10.493,0.09530162965786715
2020-08-14,10.5254,0.09500826571911757
2020-08-17,10.5027,0.09521361173793405
2020-08-18,10.557,0.0947238798901203
2020-08-19,10.568,0.09462528387585163
2020-08-20,10.5776,0.09453940402359703
2020-08-21,10.629,0.0940822278671559
2020-08-24,10.616,0.09419743782969103
2020-08-25,10.5974,0.09436276822616868
2020-08-26,10.515,0.0951022349025202
2020-08-27,10.537,0.09490367277213628
2020-08-28,10.472,0.09549274255156609
2020-08-31,10.424,0.09593246354566386
2020-09-01,10.4306,0.09587176193124076
2020-09-02,10.4743,0.09547177377008488
2020-09-03,10.567,0.09463423866754991
2020-09-04,10.5628,0.09467186730791079
2020-09-07,10.5603,0.09469427951857429
2020-09-08,10.7498,0.09302498651137696
2020-09-09,10.644,0.09394964299135664
2020-09-10,10.72,0.09328358208955223
2020-09-11,10.7024,0.09343698609657647
2020-09-14,10.725,0.09324009324009325
2020-09-15,10.699,0.09346667912889055
2020-09-16,10.659,0.09381743127873159
2020-09-17,10.721,0.09327488107452662
2020-09-18,10.7666,0.09287983207326361
2020-09-21,10.93,0.09149130832570906
2020-09-22,10.948,0.09134088417975886
2020-09-23,11.0671,0.09035790767228995
2020-09-24,11.0858,0.09020548810189612
2020-09-25,11.1346,0.0898101413611625
2020-09-28,11.0634,0.09038812661568776
2020-09-29,11.0617,0.09040201777303669
2020-09-30,10.9369,0.09143358721392716
2020-10-01,10.9278,0.09150972748403155
2020-10-02,10.919,0.09158347834050737
2020-10-05,10.85,0.09216589861751152
2020-10-06,10.99,0.09099181073703366
2020-10-07,10.943,0.09138261902586128
2020-10-08,10.894,0.09179364787956673
2020-10-09,10.81,0.09250693802035152
2020-10-12,10.7914,0.09266638248976036
2020-10-13,10.857,0.0921064750851985
2020-10-14,10.8537,0.09213447948625815
2020-10-15,10.9466,0.09135256609358157
2020-10-16,10.9875,0.09101251422070535
2020-10-19,10.975,0.09111617312072894
2020-10-20,10.978,0.09109127345600292
2020-10-21,10.939,0.09141603437242893
2020-10-22,10.9329,0.09146703985218926
2020-10-23,10.939,0.09141603437242893
2020-10-26,10.914,0.0916254352208173
2020-10-27,10.831,0.09232757824762257
2020-10-28,11.007,0.09085127646043427
2020-10-29,11.136,0.08979885057471265
2020-10-30,11.11,0.09000900090009001
2020-11-02,11.124,0.08989572096368212
2020-11-03,10.995,0.09095043201455208
2020-11-04,10.9269,0.09151726473199169
2020-11-05,10.855,0.09212344541685859
2020-11-06,10.85,0.09216589861751152
2020-11-09,10.6685,0.09373388948774429
2020-11-10,10.6467,0.09392581738942583
2020-11-11,10.706,0.09340556697179152
2020-11-12,10.8287,0.09234718848984642
2020-11-13,10.8425,0.09222965183306434
2020-11-16,10.734,0.0931619154089808
2020-11-17,10.7464,0.09305441822377727
2020-11-18,10.688,0.093562874251497
2020-11-19,10.689,0.09355412105903264
2020-11-20,10.674,0.0936855911560802
2020-11-23,10.6993,0.0934640583963437
2020-11-24,10.599,0.09434852344560807
2020-11-25,10.5123,0.09512666114932032
2020-11-26,10.568,0.09462528387585163
2020-11-27,10.5575,0.09471939379587971
2020-11-30,10.5995,0.09434407283362423
2020-12-01,10.625,0.09411764705882353
2020-12-02,10.66,0.09380863039399624
2020-12-03,10.6288,0.09408399819358723
2020-12-04,10.654,0.09386146048432514
2020-12-07,10.5853,0.09447063380348218
2020-12-08,10.614,0.09421518748822309
2020-12-09,10.689,0.09355412105903264
2020-12-10,10.6518,0.09388084642971141
2020-12-11,10.6783,0.09364786529691056
2020-12-14,10.631,0.09406452826639074
2020-12-15,10.5884,0.09444297533149484
2020-12-16,10.585,0.09447331128956069
2020-12-17,10.492,0.09531071292413267
2020-12-18,10.515,0.0951022349025202
2020-12-21,10.602,0.09432182607055273
2020-12-22,10.6172,0.09418679124439588
2020-12-23,10.539,0.09488566277635449
2020-12-24,10.5715,0.09459395544624698
2020-12-25,10.4829,0.09539345028570338
2020-12-28,10.547,0.0948136910969944
2020-12-29,10.5433,0.09484696442290365
2020-12-30,10.4915,0.09531525520659581
2020-12-31,10.467,0.09553835865099837
2021-01-01,10.4755,0.09546083719154216
2021-01-04,10.4735,0.09547906621473243
2021-01-05,10.3984,0.0961686413294353
2021-01-06,10.368,0.09645061728395062
2021-01-07,10.34,0.09671179883945842
2021-01-08,10.278,0.0972951936174353
2021-01-11,10.376,0.0963762528912876
2021-01-12,10.3175,0.0969227041434456
2021-01-13,10.2775,0.09729992702505473
2021-01-14,10.2861,0.09721857652560252
2021-01-15,10.3527,0.09659315927246032
2021-01-18,10.3695,0.09643666522011668
2021-01-19,10.363,0.09649715333397665
2021-01-20,10.281,0.09726680284019064
2021-01-21,10.228,0.09777082518576458
2021-01-22,10.3464,0.09665197556638058
2021-01-25,10.345,0.09666505558240696
2021-01-26,10.386,0.09628345850182939
2021-01-27,10.4705,0.09550642280693378
2021-01-28,10.4193,0.09597573733360207
2021-01-29,10.4099,0.09606240213642782
2021-02-01,10.377,0.09636696540425942
2021-02-02,10.36,0.09652509652509653
2021-02-03,10.325,0.09685230024213076
2021-02-04,10.335,0.09675858732462506
2021-02-05,10.268,0.09738994935722632
2021-02-08,10.255,0.09751340809361286
2021-02-09,10.2358,0.09769632075656032
2021-02-10,10.2597,0.09746873690263848
2021-02-11,10.284,0.09723842862699338
2021-02-12,10.2478,0.09758192002185835
2021-02-15,10.174,0.09828975820719482
2021-02-16,10.1969,0.09806902097696359
2021-02-17,10.2275,0.09777560498655587
2021-02-18,10.2215,0.0978329990705865
2021-02-19,10.2642,0.09742600494924104
2021-02-22,10.315,0.09694619486185167
2021-02-23,10.2865,0.09721479609196519
2021-02-24,10.1916,0.09812002040896425
2021-02-25,10.345,0.09666505558240696
2021-02-26,10.4481,0.09571118193738574
2021-03-01,10.31,0.09699321047526673
2021-03-02,10.243,0.09762764814995606
2021-03-03,10.2459,0.0976000156160025
2021-03-04,10.2706,0.0973652951142095
2021-03-05,10.1894,0.09814120556656919
2021-03-08,10.1115,0.09889729515897741
2021-03-09,10.0741,0.09926445042237024
2021-03-10,10.0528,0.09947477319751712
2021-03-11,10.0881,0.09912669382738076
2021-03-12,10.0722,0.09928317547308432
2021-03-15,10.081,0.09919650828290845
2021-03-16,10.0967,0.09904226133291075
2021-03-17,10.077,0.09923588369554431
2021-03-18,10.13,0.09871668311944717
2021-03-19,10.1538,0.0984852961452855
2021-03-22,10.1356,0.09866214136311614
2021-03-23,10.2389,0.09766674154450186
2021-03-24,10.1608,0.09841744744508306
2021-03-25,10.174,0.09828975820719482
2021-03-26,10.1115,0.09889729515897741
2021-03-29,10.0426,0.09957580706191624
2021-03-30,10.024,0.09976057462090983
2021-03-31,10.028,0.09972078181092939
2021-04-01,10.036,0.09964129135113592
2021-04-02,10.0261,0.0997396794366703
2021-04-05,10.049,0.09951238929246692
2021-04-06,10.075,0.09925558312655088
2021-04-07,10.061,0.09939369843951894
2021-04-08,10.082,0.09918666931164451
2021-04-09,10.112,0.09889240506329114
2021-04-12,10.1037,0.09897364331878421
2021-04-13,10.1208,0.0988064184649435
2021-04-14,10.0479,0.09952328347216831
2021-04-15,10.0185,0.09981534161800669
2021-04-16,10.029,0.09971083856815235
2021-04-19,9.9866,0.1001341798009333
2021-04-20,10.063,0.09937394415184338
2021-04-21,10.0368,0.09963334927466923
2021-04-22,10.0507,0.09949555752335658
2021-04-23,10.0458,0.09954408807660914
2021-04-26,10.022,0.09978048293753741
2021-04-27,10.0007,0.0999930004899657
2021-04-28,9.9254,0.1007516069881315
2021-04-29,9.9355,0.1006491872578129
2021-04-30,9.9945,0.1000550302666467
2021-05-03,9.9889,0.1001111233469151
2021-05-04,10.0045,0.0999550202408916
2021-05-05,10.0255,0.09974564859608001
2021-05-06,10.0055,0.09994503023337165
2021-05-07,10.004,0.09996001599360256
2021-05-10,10.0358,0.09964327706809621
2021-05-11,10.0373,0.09962838611977325
2021-05-12,10.0668,0.09933643263003139
2021-05-13,10.0945,0.09906384664916539
2021-05-14,9.992,0.100080064051241
2021-05-17,10.0345,0.09965618615775575
2021-05-18,10.047,0.09953219866626853
2021-05-19,10.127,0.09874592673052236
2021-05-20,10.1525,0.09849790691947796
2021-05-21,10.2146,0.09789908562254028
2021-05-24,10.179,0.09824147755182237
2021-05-25,10.1795,0.0982366520948966
2021-05-26,10.189,0.09814505839630974
2021-05-27,10.1699,0.09832938376975191
2021-05-28,10.213,0.09791442279447764
2021-05-31,10.181,0.09822217856792065
2021-06-01,10.157,0.09845426799251747
2021-06-02,10.1225,0.09878982464806124
2021-06-03,10.147,0.09855129594954173
2021-06-04,10.102,0.09899029895070283
2021-06-07,10.0695,0.09930979691146533
2021-06-08,10.066,0.09934432743890323
2021-06-09,10.0807,0.09919946035493567
2021-06-10,10.07,0.09930486593843098
2021-06-11,10.0949,0.09905992134642244
2021-06-14,10.078,0.09922603691208574
2021-06-15,10.088,0.09912767644726408
2021-06-16,10.1724,0.09830521804097361
2021-06-17,10.178,0.0982511298879937
2021-06-18,10.275,0.097323600973236
2021-06-21,10.2112,0.09793168285803823
2021-06-22,10.1919,0.0981171322324591
2021-06-23,10.1745,0.09828492800629024
2021-06-24,10.136,0.09865824782951856
2021-06-25,10.1323,0.09869427474512203
2021-06-28,10.173,0.0982994200334218
2021-06-29,10.1893,0.09814216874564495
2021-06-30,10.201,0.09802960494069209
2021-07-01,10.2179,0.09786746787500367
2021-07-02,10.2048,0.09799310128566949
2021-07-05,10.161,0.09841551028442083
2021-07-06,10.29,0.09718172983479106
2021-07-07,10.2803,0.09727342587278581
2021-07-08,10.4,0.09615384615384615
2021-07-09,10.2945,0.09713924911360436
2021-07-12,10.295,0.09713453132588636
2021-07-13,10.347,0.09664637092877162
2021-07-14,10.336,0.09674922600619194
2021-07-15,10.426,0.0959140610013428
2021-07-16,10.4553,0.09564527081958434
2021-07-19,10.5575,0.09471939379587971
2021-07-20,10.6107,0.0942444890535026
2021-07-21,10.47,0.09551098376313276
2021-07-22,10.4076,0.09608363119259003
2021-07-23,10.435,0.095831336847149
2021-07-26,10.4077,0.09608270799504214
2021-07-27,10.4913,0.09531707224080904
2021-07-28,10.4296,0.09588095420725626
2021-07-29,10.3803,0.09633632939317746
2021-07-30,10.4576,0.09562423500611995
2021-08-02,10.4746,0.09546903939052565
2021-08-03,10.465,0.09555661729574773
2021-08-04,10.4555,0.0956434412510162
2021-08-05,10.4307,0.09587084280057906
2021-08-06,10.459,0.09561143512764127
2021-08-09,10.501,0.09522902580706599
2021-08-10,10.4567,0.0956324653093232
2021-08-11,10.3955,0.096195469193401
2021-08-12,10.387,0.0962741888899586
2021-08-13,10.384,0.09630200308166409
2021-08-16,10.403,0.09612611746611555
2021-08-17,10.4352,0.0958295001533272
2021-08-18,10.4231,0.0959407469946561
2021-08-19,10.555,0.09474182851729039
2021-08-20,10.5544,0.09474721443189571
2021-08-23,10.4709,0.09550277435559502
2021-08-24,10.3697,0.0964348052499108
2021-08-25,10.369,0.09644131545954288
2021-08-26,10.3893,0.0962528755546572
2021-08-27,10.2769,0.09730560772217303
2021-08-30,10.233,0.0977230528681716
2021-08-31,10.2636,0.09743170037803499
2021-09-01,10.292,0.0971628449280995
2021-09-02,10.2537,0.09752577118503564
2021-09-03,10.2998,0.09708926386920134
2021-09-06,10.2625,0.097442143727162
2021-09-07,10.286,0.09721952167995333
2021-09-08,10.2925,0.09715812484819042
2021-09-09,10.2552,0.09751150635775022
2021-09-10,10.229,0.09776126698602014
2021-09-13,10.2062,0.09797965942270384
2021-09-14,10.199,0.09804882831650162
2021-09-15,10.1265,0.09875080235026909
2021-09-16,10.141,0.09860960457548565
2021-09-17,10.2008,0.09803152693906361
2021-09-20,10.242,0.09763718023823471
2021-09-21,10.189,0.09814505839630974
2021-09-22,10.1226,0.09878884871475707
2021-09-23,10.0694,0.09931078316483603
2021-09-24,10.0623,0.09938085725927472
2021-09-27,10.053,0.0994727941907888
2021-09-28,10.1219,0.09879568065284186
2021-09-29,10.174,0.09828975820719482
2021-09-30,10.1205,0.09880934736426066
2021-10-01,9.9908,0.1000920847179405
2021-10-04,9.9618,0.1003834648356723
2021-10-05,9.8943,0.1010682918447995
2021-10-06,9.9176,0.1008308461724611
2021-10-07,9.9107,0.1009010463438506
2021-10-08,9.874,0.101276078590237
2021-10-11,9.9155,0.100852201099289
2021-10-12,9.8726,0.1012904402082531
2021-10-13,9.8448,0.1015764667641801
2021-10-14,9.7968,0.1020741466601339
2021-10-15,9.7768,0.1022829555682841
2021-10-18,9.7739,0.102313303798893
2021-10-19,9.7187,0.1028944200356015
2021-10-20,9.6795,0.1033111214422232
2021-10-21,9.7145,0.1029389057594318
2021-10-22,9.7326,0.1027474672749317
2021-10-25,9.6985,0.1031087281538382
2021-10-26,9.7008,0.1030842817087251
2021-10-27,9.7693,0.1023614793280993
2021-10-28,9.7373,0.1026978731270475
2021-10-29,9.7494,0.1025704145896158
2021-11-01,9.7565,0.102495772049403
2021-11-02,9.8706,0.1013109638725103
2021-11-03,9.8757,0.1012586449568132
2021-11-04,9.8922,0.1010897474778108
2021-11-05,9.89,0.1011122345803842
2021-11-08,9.8507,0.1015156283309816
2021-11-09,9.864,0.1013787510137875
2021-11-10,9.9276,0.1007292799871067
2021-11-11,9.9347,0.1006572921175275
2021-11-12,9.9454,0.1005489975264947
2021-11-15,9.909,0.1009183570491472
2021-11-16,9.8935,0.1010764643452772
2021-11-17,9.8979,0.1010315319411188
2021-11-18,10.019,0.09981036031540073
2021-11-19,10.0588,0.09941543722909293
2021-11-22,10.03,0.09970089730807578
2021-11-23,10.0015,0.09998500224966254
2021-11-24,10.041,0.09959167413604222
2021-11-25,10.0493,0.0995094185664673
2021-11-26,10.2371,0.09768391438981743
2021-11-29,10.1786,0.09824533825869963
2021-11-30,10.2457,0.09760192080580146
2021-12-01,10.2819,0.09725828883766618
2021-12-02,10.2708,0.09736339915099117
2021-12-03,10.3871,0.09627326202693726
2021-12-06,10.254,0.09752291788570315
2021-12-07,10.1597,0.09842810319202337
2021-12-08,10.0585,0.09941840234627429
2021-12-09,10.1513,0.09850955050092106
2021-12-10,10.115,0.09886307464162135
2021-12-13,10.2071,0.09797102017223305
2021-12-14,10.254,0.09752291788570315
2021-12-15,10.1732,0.09829748751621908
2021-12-16,10.1801,0.09823086217227729
2021-12-17,10.1648,0.09837871871556746
2021-12-20,10.2045,0.09799598216473125
2021-12-21,10.0842,0.09916503044366436
2021-12-22,10.0547,0.09945597581230668
2021-12-23,9.9761,0.1002395725784625
2021-12-24,10.0132,0.0998681740103064
2021-12-27,10.0129,0.09987116619560767
2021-12-28,9.9492,0.1005105938165883
2021-12-29,9.9587,0.1004147127637141
2021-12-30,9.9747,0.1002536417135352
2021-12-31,10.0129,0.09987116619560767
2022-01-03,10.0251,0.09974962843263409
2022-01-04,9.9994,0.1000060003600216
2022-01-05,10.0155,0.09984523987818882
2022-01-06,10.0466,0.0995361614874684
2022-01-07,10.026,0.09974067424695791
2022-01-10,10.0384,0.09961746891934971
2022-01-11,9.9717,0.1002838031629511
2022-01-12,9.9094,0.1009142834076735
2022-01-13,9.9771,0.1002295256136553
2022-01-14,9.9751,0.1002496215576786
2022-01-17,9.9458,0.1005449536487764
2022-01-18,9.9682,0.1003190144660019
2022-01-19,9.958,0.1004217714400482
2022-01-20,9.9912,0.1000880775082072
2022-01-21,10.1014,0.09899617874750034
2022-01-24,10.1397,0.09862224720652485
2022-01-25,10.0994,0.09901578311582868
2022-01-26,10.0408,0.09959365787586645
2022-01-27,9.9641,0.1003602934534981
2022-01-28,10.0109,0.09989111868063812
2022-01-31,9.9955,0.1000450202591166
2022-02-01,9.951,0.1004924128228319
2022-02-02,9.9472,0.1005308026379283
2022-02-03,9.9494,0.1005085733813094
2022-02-04,10.0676,0.09932853907584727
2022-02-07,10.0391,0.09961052285563447
2022-02-08,10.0709,0.09929599142082635
2022-02-09,10.0612,0.0993917226573371
2022-02-10,10.06,0.09940357852882703
2022-02-11,10.0607,0.0993966622600813
2022-02-14,10.0474,0.09952823616059876
2022-02-15,10.1061,0.09895013902494533
2022-02-16,10.0904,0.09910409894553238
2022-02-17,10.137,0.09864851533984413
2022-02-18,10.1702,0.0983264832549999
2022-02-21,10.1902,0.09813350081450804
2022-02-22,10.0724,0.0992812040824431
2022-02-23,10.0545,0.09945795414988313
2022-02-24,10.029,0.09971083856815235
2022-02-25,9.945,0.1005530417295123
2022-02-28,9.8771,0.1012442923530186
2022-03-01,9.8822,0.1011920422577968
2022-03-02,9.8402,0.1016239507327087
2022-03-03,9.8583,0.1014373674974387
2022-03-04,9.7893,0.1021523500148121
2022-03-07,9.831,0.1017190519784356
2022-03-08,9.7979,0.1020626869022954
2022-03-09,9.854,0.1014816318246397
2022-03-10,9.8335,0.1016931916408196
2022-03-11,9.8136,0.1018994049074753
2022-03-14,9.8939,0.1010723779298355
2022-03-15,9.8725,0.1012914661939732
2022-03-16,9.8126,0.101909789454375
2022-03-17,9.7543,0.1025188891053176
2022-03-18,9.6511,0.1036151319538706
2022-03-21,9.6304,0.1038378468184084
2022-03-22,9.659,0.1035303861683404
2022-03-23,9.5585,0.1046189255636345
2022-03-24,9.5377,0.1048470805330426
2022-03-25,9.4519,0.1057988340968482
2022-03-28,9.5636,0.1045631352210465
2022-03-29,9.6104,0.1040539415633064
2022-03-30,9.5506,0.1047054635310871
2022-03-31,9.7279,0.1027971093452852
2022-04-01,9.6572,0.1035496831379696
2022-04-04,9.5636,0.1045631352210465
2022-04-05,9.5513,0.1046977898296567
2022-04-06,9.5835,0.1043460113737152
2022-04-07,9.5779,0.1044070203280469
2022-04-08,9.4624,0.105681433885695
2022-04-11,9.5958,0.1042122595302111
2022-04-12,9.5029,0.1052310347367646
2022-04-13,9.5206,0.105035396928765
2022-04-14,9.5084,0.1051701653274999
2022-04-15,9.515,0.1050972149238045
2022-04-18,9.5584,0.1046200200870439
2022-04-19,9.5308,0.1049229865278885
2022-04-20,9.5451,0.1047657960629014
2022-04-21,9.6256,0.1038896276595745
2022-04-22,9.6683,0.1034307996235119
2022-04-25,9.7685,0.1023698623125352
2022-04-26,9.8414,0.1016115593309895
2022-04-27,9.8503,0.1015197506674924
2022-04-28,9.8865,0.101148030142113
2022-04-29,9.8831,0.101182827250559
2022-05-02,9.9238,0.100767851024809
2022-05-03,9.8823,0.101191018285217
2022-05-04,9.8297,0.1017325045525296
2022-05-05,10.0009,0.09999100080992711
2022-05-06,10.0138,0.09986219017755497
2022-05-09,10.2114,0.09792976477270503
2022-05-10,10.2494,0.09756668683044861
2022-05-11,10.2446,0.0976124006793823
2022-05-12,10.2467,0.0975923956005348
2022-05-13,10.1592,0.09843294747617923
2022-05-16,10.187,0.09816432708353785
2022-05-17,10.2063,0.09797869943074375
2022-05-18,10.3573,0.09655025923744605
2022-05-19,10.2493,0.09756763876557424
2022-05-20,10.2923,0.0971600128251217
2022-05-23,10.2456,0.09760287342859374
2022-05-24,10.262,0.09744689144416292
2022-05-25,10.2321,0.09773164843971423
2022-05-26,10.2347,0.09770682091316794
2022-05-27,10.1575,0.09844942160964804
2022-05-30,10.1343,0.09867479746997819
2022-05-31,10.0607,0.0993966622600813
2022-06-01,10.0885,0.09912276354264757
2022-06-02,10.0723,0.09928218976797752
2022-06-03,10.1127,0.09888555974171091
2022-06-06,10.08,0.0992063492063492
2022-06-07,10.1318,0.098699145265402
2022-06-08,10.1464,0.09855712370890168
2022-06-09,10.1866,0.09816818172893801
2022-06-10,10.1985,0.09805363533853019
2022-06-13,10.3006,0.09708172339475371
2022-06-14,10.4322,0.09585705795517724
2022-06-15,10.3941,0.0962084259339433
2022-06-16,10.4804,0.09541620548834015
2022-06-17,10.482,0.09540164090822363
2022-06-20,10.4119,0.09604394971138794
2022-06-21,10.3647,0.09648132603934509
2022-06-22,10.4694,0.09551645748562478
2022-06-23,10.4953,0.09528074471430069
2022-06-24,10.3937,0.09621212850091881
2022-06-27,10.3608,0.09651764342521814
2022-06-28,10.3448,0.09666692444513186
2022-06-29,10.3216,0.09688420399937994
2022-06-30,10.3193,0.0969057978738868
2022-07-01,10.3494,0.09662395887684311
2022-07-04,10.2317,0.0977354691791198
2022-07-05,10.3275,0.09682885499878964
2022-07-06,10.3224,0.09687669534216849
2022-07-07,10.2437,0.09762097679549381
2022-07-08,10.2836,0.097242210898907
2022-07-11,10.2409,0.09764766768545734
2022-07-12,10.2876,0.09720440141529609
2022-07-13,10.2586,0.09747918819332073
2022-07-14,10.2497,0.09756383113652106
2022-07-15,10.2537,0.09752577118503564
2022-07-18,10.2385,0.09767055721052889
2022-07-19,10.1463,0.0985580950691385
2022-07-20,10.1503,0.09851925558850477
2022-07-21,10.1709,0.09831971605266004
2022-07-22,10.1401,0.09861835682093864
2022-07-25,10.0507,0.09949555752335658
2022-07-26,10.0143,0.09985720419799686
2022-07-27,9.9353,0.1006512133503769
2022-07-28,9.9125,0.1008827238335435
2022-07-29,9.8783,0.1012319933591812
2022-08-01,9.8846,0.1011674726341986
2022-08-02,9.9364,0.1006400708506099
2022-08-03,9.8747,0.1012688993083334
2022-08-04,9.9648,0.1003532434168272
2022-08-05,9.9662,0.1003391463145431
2022-08-08,9.9196,0.1008105165530868
2022-08-09,9.9335,0.1006694518548346
2022-08-10,9.8006,0.1020345693120829
2022-08-11,9.8357,0.1016704454182214
2022-08-12,9.8095,0.1019419950048422
2022-08-15,9.8657,0.1013612820174949
2022-08-16,9.8293,0.1017366445219904
2022-08-17,9.8737,0.1012791557369578
2022-08-18,9.815,0.1018848700967906
2022-08-19,9.8358,0.1016694117407837
2022-08-22,9.7687,0.1023677664377041
2022-08-23,9.6825,0.1032791117996385
2022-08-24,9.6565,0.1035571894578781
2022-08-25,9.6275,0.1038691249026227
2022-08-26,9.7154,0.1029293698663977
2022-08-29,9.7395,0.1026746752913394
2022-08-30,9.8197,0.101836104972657
2022-08-31,9.9782,0.1002184762782867
2022-09-01,10.0002,0.0999980000399992
2022-09-02,9.964,0.1003613006824568
2022-09-05,9.8913,0.101098945537998
2022-09-06,9.9262,0.1007434869335697
2022-09-07,9.9955,0.1000450202591166
2022-09-08,10.0394,0.09960754626770524
2022-09-09,9.9629,0.1003723815354967
2022-09-12,9.9616,0.1003854802441375
2022-09-13,10.0641,0.09936308264027584
2022-09-14,10.0557,0.09944608530485198
2022-09-15,10.1668,0.09835936577880945
2022-09-16,10.2059,0.09798253951145906
2022-09-19,10.2043,0.09799790284487912
2022-09-20,10.3001,0.09708643605401888
2022-09-21,10.1766,0.0982646463455378
2022-09-22,10.2331,0.09772209789799767
2022-09-23,10.2843,0.09723559211613819
2022-09-26,10.3958,0.0961926932030243
2022-09-27,10.3658,0.09647108761504176
2022-09-28,10.3766,0.09637068018426075
2022-09-29,10.5064,0.09518008071270845
2022-09-30,10.6691,0.09372861815898248
2022-10-03,10.4614,0.09558950044927066
2022-10-04,10.4049,0.09610856423415891
2022-10-05,10.3742,0.09639297487999074
2022-10-06,10.4909,0.0953207065170767
2022-10-07,10.4309,0.09586900459212533
2022-10-10,10.3672,0.09645806003549656
2022-10-11,10.4347,0.09583409201989516
2022-10-12,10.4364,0.09581848146870568
2022-10-13,10.3263,0.09684010729883889
2022-10-14,10.3921,0.09622694161911452
2022-10-17,10.3503,0.09661555703699409
2022-10-18,10.3856,0.0962871668464027
2022-10-19,10.3666,0.09646364285300871
2022-10-20,10.3943,0.09620657475731892
2022-10-21,10.3323,0.09678387193558065
2022-10-24,10.3783,0.09635489434685836
2022-10-25,10.344,0.09667440061871617
2022-10-26,10.3355,0.09675390643897247
2022-10-27,10.249,0.09757049468240804
2022-10-28,10.2923,0.0971600128251217
2022-10-31,10.2741,0.09733212641496577
2022-11-01,10.215,0.09789525208027411
2022-11-02,10.2713,0.0973586595659751
2022-11-03,10.3123,0.09697157763059647
2022-11-04,10.2014,0.09802576117003549
2022-11-07,10.2324,0.09772878308119307
2022-11-08,10.3056,0.09703462195311287
2022-11-09,10.3981,0.09617141593175677
2022-11-10,10.285,0.09722897423432182
2022-11-11,10.2827,0.0972507220866115
2022-11-14,10.3629,0.09649808451302241
2022-11-15,10.338,0.09673050880247631
2022-11-16,10.393,0.0962186086789185
2022-11-17,10.4901,0.09532797590108769
2022-11-18,10.5187,0.09506878226396798
2022-11-21,10.5066,0.09517826889764529
2022-11-22,10.4044,0.09611318288416439
2022-11-23,10.3333,0.09677450572421202
2022-11-24,10.2942,0.09714208000621709
2022-11-25,10.2549,0.09751435898936119
2022-11-28,10.3508,0.0966108899795185
2022-11-29,10.3204,0.09689546916786172
2022-11-30,10.2355,0.09769918421181183
2022-12-01,10.2368,0.09768677711784932
2022-12-02,10.3027,0.09706193522086444
2022-12-05,10.4294,0.09588279287399085
2022-12-06,10.4909,0.0953207065170767
2022-12-07,10.5255,0.09500736307063798
2022-12-08,10.5168,0.09508595770576601
2022-12-09,10.5204,0.09505342002205239
2022-12-12,10.5061,0.0951827985646434
2022-12-13,10.3788,0.09635025243766139
2022-12-14,10.371,0.09642271719217047
2022-12-15,10.479,0.09542895314438402
2022-12-16,10.463,0.09557488292076843
2022-12-19,10.488,0.09534706331045004
2022-12-20,10.4931,0.09530072142646119
2022-12-21,10.424,0.09593246354566386
2022-12-22,10.455,0.09564801530368244
2022-12-23,10.4825,0.09539709038874314
2022-12-26,10.4625,0.09557945041816009
2022-12-27,10.4414,0.0957725975443906
2022-12-28,10.4969,0.09526622145585839
2022-12-29,10.5278,0.09498660688842873
2022-12-30,10.4937,0.09529527240153615
2023-01-02,10.5074,0.09517102232712184
2023-01-03,10.6412,0.09397436379355713
2023-01-04,10.678,0.09365049634763063
2023-01-05,10.7654,0.09289018522302933
2023-01-06,10.6129,0.09422495265196129
2023-01-09,10.63,0.09407337723424271
2023-01-10,10.7109,0.09336283598950601
2023-01-11,10.7417,0.09309513391735014
2023-01-12,10.7242,0.09324704873090767
2023-01-13,10.661,0.09379983116030391
2023-01-16,10.7242,0.09324704873090767
2023-01-17,10.6436,0.09395317373820888
2023-01-18,10.6878,0.09356462508654728
2023-01-19,10.7147,0.09332972458398275
2023-01-20,10.718,0.0933009889904833
2023-01-23,10.6647,0.09376728834378839
2023-01-24,10.7356,0.09314803085062782
2023-01-25,10.804,0.09255831173639392
2023-01-26,10.7374,0.09313241566859762
2023-01-27,10.7336,0.0931653871953492
2023-01-30,10.8238,0.0923889946229605
2023-01-31,10.8474,0.09218798974869553
2023-02-01,10.888,0.09184423218221896
2023-02-02,10.9627,0.09121840422523649
2023-02-03,11.0234,0.09071611299599035
2023-02-06,11.0847,0.0902144397232221
2023-02-07,11.0619,0.09040038329762519
2023-02-08,11.0674,0.09035545837324033
2023-02-09,10.9283,0.091505540660487
2023-02-10,10.8351,0.09229264150769259
2023-02-13,10.8191,0.09242912996459964
2023-02-14,10.8768,0.09193880553103854
2023-02-15,10.9083,0.09167331298185785
2023-02-16,10.9358,0.09144278424989484
2023-02-17,10.9881,0.09100754452544116
2023-02-20,10.931,0.09148293843198244
2023-02-21,10.9748,0.09111783358238874
2023-02-22,10.98,0.09107468123861566
2023-02-23,10.9132,0.09163215188945498
2023-02-24,10.9527,0.09130168816821423
2023-02-27,10.9673,0.09118014461170935
2023-02-28,10.977,0.0910995718320124
2023-03-01,11.061,0.09040773890245005
2023-03-02,11.05,0.09049773755656108
2023-03-03,11.0384,0.09059283954196261
2023-03-06,11.1294,0.08985210343774147
2023-03-07,11.2701,0.08873035731714893
2023-03-08,11.266,0.08876264867743654
2023-03-09,11.2817,0.08863912353634647
2023-03-10,11.3199,0.0883400030035601
2023-03-13,11.318,0.08835483300936561
2023-03-14,11.321,0.08833141948591114
2023-03-15,11.3739,0.0879205901230009
2023-03-16,11.4211,0.08755724054600696
2023-03-17,11.397,0.08774238834781083
2023-03-20,11.4106,0.08763781045694354
2023-03-21,11.354,0.08807468733485997
2023-03-22,11.3537,0.0880770145415151
2023-03-23,11.2504,0.08888572850743084
2023-03-24,11.2594,0.08881467929019309
2023-03-27,11.293,0.08855042946958293
2023-03-28,11.2206,0.08912179384346648
2023-03-29,11.2802,0.08865091044485027
2023-03-30,11.326,0.08829242450997704
2023-03-31,11.3442,0.08815077308227992
2023-04-03,11.2027,0.08926419523864783
2023-04-04,11.2915,0.08856219279989373
2023-04-05,11.371,0.0879430129276229
2023-04-06,11.3992,0.08772545441785388
2023-04-07,11.442,0.08739730816290858
2023-04-10,11.4231,0.08754191068974272
2023-04-11,11.5157,0.08683796903358024
2023-04-12,11.474,0.08715356458079135
2023-04-13,11.385,0.0878348704435661
2023-04-14,11.4049,0.08768161053582232
2023-04-17,11.4483,0.08734921342033315
2023-04-18,11.4795,0.08711180800557515
2023-04-19,11.5838,0.08632745731107236
2023-04-20,11.6099,0.08613338616181018
2023-04-21,11.6115,0.08612151746113766
2023-04-24,11.6267,0.08600892772669803
2023-04-25,11.7082,0.08541022531217438
2023-04-26,11.728,0.08526603001364257
2023-04-27,11.7106,0.08539272112445136
2023-04-28,11.7471,0.08512739314383976
2023-05-01,11.7726,0.08494300324482272
2023-05-02,11.8919,0.08409085175623744
2023-05-03,11.8869,0.08412622298496664
2023-05-04,11.7663,0.08498848406040982
2023-05-05,11.6451,0.08587302814059132
2023-05-08,11.5493,0.08658533417609725
2023-05-09,11.5844,0.08632298608473464
2023-05-10,11.5206,0.08680103466833325
2023-05-11,11.6517,0.08582438614107812
2023-05-12,11.5873,0.08630138168512078
2023-05-15,11.5214,0.08679500755116566
2023-05-16,11.624,0.08602890571231933
2023-05-17,11.6749,0.08565383857677582
2023-05-18,11.7474,0.08512521919743943
2023-05-19,11.7442,0.08514841368505305
2023-05-22,11.7872,0.0848377901452423
2023-05-23,11.7949,0.0847824059551162
2023-05-24,11.7696,0.08496465470364328
2023-05-25,11.8432,0.08443663874628479
2023-05-26,11.8829,0.08415454139982664
2023-05-29,11.8923,0.08408802334283527
2023-05-30,11.9989,0.0833409729225179
2023-05-31,11.8526,0.08436967416431837
2023-06-01,11.897,0.08405480373203328
2023-06-02,11.7854,0.08485074753508579
2023-06-05,11.8119,0.0846603848661096
2023-06-06,11.8554,0.0843497477942541
2023-06-07,11.7972,0.0847658766486963
2023-06-08,11.7314,0.0852413181717442
2023-06-09,11.5557,0.08653737982121378
2023-06-12,11.6189,0.08606666724044444
2023-06-13,11.4811,0.08709966815026435
2023-06-14,11.5227,0.08678521527072648
2023-06-15,11.4805,0.08710422019946867
2023-06-16,11.534,0.08670019074041962
2023-06-19,11.6408,0.08590474881451446
2023-06-20,11.6945,0.08551028261148404
2023-06-21,11.7019,0.0854562079662277
2023-06-22,11.6745,0.08565677330934944
2023-06-23,11.7722,0.08494588946840863
2023-06-26,11.6932,0.08551978927923923
2023-06-27,11.8054,0.08470699849221543
2023-06-28,11.7357,0.08521008546571572
2023-06-29,11.7281,0.08526530299025419
2023-06-30,11.7163,0.0853511774194925
2023-07-03,11.655,0.0858000858000858
2023-07-04,11.5939,0.08625225334011852
2023-07-05,11.5894,0.0862857438693979
2023-07-06,11.7212,0.08531549670682183
2023-07-07,11.6479,0.08585238540852858
2023-07-10,11.525,0.08676789587852494
2023-07-11,11.3868,0.08782098570274353
2023-07-12,11.2605,0.08880600328582212
2023-07-13,11.1692,0.08953192708519858
2023-07-14,11.2754,0.08868864962662079
2023-07-17,11.2868,0.08859907148173088
2023-07-18,11.2852,0.08861163293517173
2023-07-19,11.2484,0.0889015326624231
2023-07-20,11.2064,0.08923472301541975
2023-07-21,11.1944,0.08933037947545201
2023-07-24,11.1149,0.08996932046172255
2023-07-25,11.1206,0.08992320558243261
2023-07-26,11.2059,0.08923870461096386
2023-07-27,11.1772,0.08946784525641485
2023-07-28,11.2262,0.08907733694393472
2023-07-31,11.1382,0.08978111364493366
2023-08-01,11.2035,0.0892578212165841
2023-08-02,11.2671,0.08875398283497972
2023-08-03,11.2221,0.08910988139474788
2023-08-04,11.1511,0.08967725157159384
2023-08-07,11.1631,0.08958085119724808
2023-08-08,11.2411,0.0889592655523036
2023-08-09,11.197,0.08930963650977941
2023-08-10,11.332,0.08824567596187786
2023-08-11,11.4084,0.08765471056414571
2023-08-14,11.4223,0.08754804198804093
2023-08-15,11.4852,0.08706857520983526
2023-08-16,11.5231,0.08678220270586909
2023-08-17,11.5037,0.0869285534219425
2023-08-18,11.5632,0.08648125086481251
2023-08-21,11.5709,0.08642370083571718
2023-08-22,11.5234,0.08677994341947688
2023-08-23,11.4985,0.0869678653737444
2023-08-24,11.573,0.08640801866413203
2023-08-25,11.5497,0.08658233547191702
2023-08-28,11.5932,0.08625746127039989
2023-08-29,11.507,0.08690362388111585
2023-08-30,11.565,0.08646779074794639
2023-08-31,11.527,0.08675284115554785
2023-09-01,11.4944,0.08699888641425389
2023-09-04,11.4716,0.08717179817985285
2023-09-05,11.4909,0.08702538530489344
2023-09-06,11.488,0.08704735376044569
2023-09-07,11.4524,0.0873179420907408
2023-09-08,11.4312,0.08747987962768562
2023-09-11,11.4329,0.08746687192225944
2023-09-12,11.4785,0.08711939713377183
2023-09-13,11.4908,0.08702614265325304
2023-09-14,11.42,0.08756567425569177
2023-09-15,11.4769,0.08713154248969669
2023-09-18,11.5576,0.08652315359590226
2023-09-19,11.5176,0.08682364381468362
2023-09-20,11.5025,0.0869376222560313
2023-09-21,11.485,0.087070091423596
2023-09-22,11.4899,0.08703295938171786
2023-09-25,11.4419,0.08739807199853171
2023-09-26,11.4321,0.0874729927134997
2023-09-27,11.2945,0.08853866926380097
2023-09-28,11.3328,0.08823944656219115
2023-09-29,11.2975,0.08851515822084532
2023-10-02,11.3717,0.0879375994794094
2023-10-03,11.4687,0.0871938406270981
2023-10-04,11.5436,0.08662808829134759
2023-10-05,11.5548,0.08654412019247412
2023-10-06,11.5463,0.08660783108008625
2023-10-09,11.3875,0.08781558726673985
2023-10-10,11.4598,0.08726155779332972
2023-10-11,11.5245,0.08677166037572129
2023-10-12,11.5578,0.08652165637058956
2023-10-13,11.4688,0.08719308035714286
2023-10-16,11.5277,0.0867475732366387
2023-10-17,11.5781,0.08636995707413134
2023-10-18,11.6321,0.08596899957875191
2023-10-19,11.6345,0.08595126563238645
2023-10-20,11.7003,0.0854678939856243
2023-10-23,11.8145,0.08464175377713826
2023-10-24,11.8209,0.08459592755204765
2023-10-25,11.8274,0.08454943605526151
2023-10-26,11.8361,0.0844872888873869
2023-10-27,11.8024,0.08472852979055107
2023-10-30,11.816,0.08463100880162491
2023-10-31,11.8189,0.08461024291600741
2023-11-01,11.817,0.08462384700008463
2023-11-02,11.847,0.0844095551616443
2023-11-03,11.8396,0.08446231291597689
2023-11-06,11.8429,0.08443877766425453
2023-11-07,11.9583,0.08362392647784385
2023-11-08,11.9598,0.08361343835181191
2023-11-09,11.9629,0.08359177122604051
2023-11-10,11.8745,0.08421407217145986
2023-11-13,11.8618,0.08430423713095819
2023-11-14,11.8287,0.0845401438873249
2023-11-15,11.7305,0.08524785814756405
2023-11-16,11.8666,0.08427013634908061
2023-11-17,11.787,0.08483922965979468
2023-11-20,11.7008,0.0854642417612471
2023-11-21,11.6452,0.08587229072922749
2023-11-22,11.7053,0.08543138578250878
2023-11-23,11.7301,0.085250765125617
2023-11-24,11.7216,0.08531258531258532
2023-11-27,11.646,0.0858663918942126
2023-11-28,11.677,0.0856384345294168
2023-11-29,11.6879,0.08555856911849005
2023-11-30,11.7648,0.08499932000543996
2023-12-01,11.6292,0.0859904378633096
2023-12-04,11.7489,0.08511435113074414
2023-12-05,11.7968,0.08476875084768751
2023-12-06,11.8164,0.08462814393554721
2023-12-07,11.7256,0.08528348229514908
2023-12-08,11.7401,0.08517815010093611
2023-12-11,11.7908,0.08481188723411473
2023-12-12,11.8297,0.08453299745555677
2023-12-13,11.7239,0.08529584865104615
2023-12-14,11.5451,0.08661683311534764
2023-12-15,11.3891,0.08780325047633264
2023-12-18,11.3326,0.08824100382965958
2023-12-19,11.272,0.08871540099361248
2023-12-20,11.3168,0.08836420189452848
2023-12-21,11.2897,0.08857631292239829
2023-12-22,11.2331,0.08902262064790663
2023-12-25,11.2303,0.08904481625602166
2023-12-26,11.2034,0.08925861791956013
2023-12-27,11.2159,0.0891591401492524
2023-12-28,11.28,0.08865248226950355
2023-12-29,11.2239,0.08909559065921827
2024-01-01,11.2285,0.08905909070668389
2024-01-02,11.3208,0.08833298000141332
2024-01-03,11.2881,0.08858886792285682
2024-01-04,11.2659,0.08876343656521006
2024-01-05,11.2659,0.08876343656521006
2024-01-08,11.3381,0.08819819899277656
2024-01-09,11.3217,0.08832595811583066
2024-01-10,11.3438,0.08815388141539872
2024-01-11,11.3059,0.08844939367940634
2024-01-12,11.2643,0.08877604467210568
2024-01-15,11.3171,0.08836185948697105
2024-01-16,11.3832,0.08784875957551479
2024-01-17,11.4301,0.08748829844008364
2024-01-18,11.4449,0.08737516273624059
2024-01-19,11.4209,0.08755877382693134
2024-01-22,11.4299,0.08748982930734302
2024-01-23,11.4002,0.08771775933755548
2024-01-24,11.3897,0.08779862507353135
2024-01-25,11.3137,0.08838841404668675
2024-01-26,11.2999,0.08849635837485288
2024-01-29,11.288,0.0885896527285613
2024-01-30,11.3224,0.08832049742104148
2024-01-31,11.3631,0.08800415379605918
2024-02-01,11.3415,0.088171758585725
2024-02-02,11.4504,0.08733319360022357
2024-02-05,11.4772,0.08712926497752065
2024-02-06,11.3824,0.08785493393308969
2024-02-07,11.3943,0.08776317983553181
2024-02-08,11.4324,0.087470697316399
2024-02-09,11.366,0.08798169980644026
2024-02-12,11.3151,0.08837747788353617
2024-02-13,11.425,0.087527352297593
2024-02-14,11.348,0.08812125484666901
2024-02-15,11.3363,0.08821220327620123
2024-02-16,11.3115,0.08840560491535163
2024-02-19,11.2841,0.08862027100078872
2024-02-20,11.3257,0.08829476323759239
2024-02-21,11.3368,0.0882083127513937
2024-02-22,11.3662,0.0879801516777815
2024-02-23,11.3943,0.08776317983553181
2024-02-26,11.4036,0.08769160615945841
2024-02-27,11.4027,0.08769852754172258
2024-02-28,11.4744,0.0871505263891794
2024-02-29,11.4651,0.08722121917820168
2024-03-01,11.393,0.08777319406653207
2024-03-04,11.4673,0.0872044857987495
2024-03-05,11.4665,0.08721056992107444
2024-03-06,11.43,0.08748906386701663
2024-03-07,11.3801,0.0878726900466604
2024-03-08,11.404,0.0876885303402315
2024-03-11,11.4216,0.08755340757862297
2024-03-12,11.4943,0.08699964330146245
2024-03-13,11.4724,0.08716571946584847
2024-03-14,11.4815,0.08709663371510691
2024-03-15,11.5552,0.08654112434228746
2024-03-18,11.5811,0.086347583562874
2024-03-19,11.5733,0.08640577881848738
2024-03-20,11.5279,0.08674606823445727
2024-03-21,11.5779,0.08637144905380077
2024-03-22,11.6075,0.08615119534783545
2024-03-25,11.5983,0.08621953217281843
2024-03-26,11.6464,0.08586344278060173
2024-03-27,11.6624,0.08574564412127864
2024-03-28,11.7119,0.08538324268479068
2024-03-29,11.6735,0.08566411102068788
2024-04-01,11.7609,0.08502750639831987
2024-04-02,11.6678,0.08570595999245788
2024-04-03,11.6034,0.08618163641691227
2024-04-04,11.6186,0.08606888953918716
2024-04-05,11.6254,0.08601854559843101
2024-04-08,11.6005,0.08620318089737511
2024-04-09,11.5899,0.08628202141519771
2024-04-10,11.6345,0.08595126563238645
2024-04-11,11.6089,0.08614080576109709
2024-04-12,11.6,0.08620689655172414
2024-04-15,11.6235,0.08603260635780961
2024-04-16,11.665,0.08572653236176597
2024-04-17,11.7416,0.08516726851536417
2024-04-18,11.756,0.08506294658046955
2024-04-19,11.73,0.08525149190110827
2024-04-22,11.7016,0.08545839885143913
2024-04-23,11.6676,0.08570742911995612
2024-04-24,11.7502,0.0851049343840956
2024-04-25,11.7551,0.08506945921344777
2024-04-26,11.7847,0.0848557875889925
2024-04-29,11.7728,0.08494156020657788
2024-04-30,11.8488,0.08439673215853082
2024-05-01,11.823,0.0845809016324114
2024-05-02,11.784,0.08486082824168363
2024-05-03,11.7095,0.08540074298646398
2024-05-06,11.6756,0.08564870327863236
2024-05-07,11.728,0.08526603001364257
2024-05-08,11.7186,0.08533442561398119
2024-05-09,11.6939,0.08551467004164565
2024-05-10,11.6744,0.08565750702391557
2024-05-13,11.6624,0.08574564412127864
2024-05-14,11.6854,0.08557687370564979
2024-05-15,11.6048,0.0861712394871088
2024-05-16,11.6157,0.08609037767848687
2024-05-17,11.599,0.08621432882145012
2024-05-20,11.6153,0.08609334240183207
2024-05-21,11.578,0.0863707030575229
2024-05-22,11.5905,0.08627755489409429
2024-05-23,11.5356,0.08668816533166891
2024-05-24,11.4809,0.08710118544713394
2024-05-27,11.4021,0.08770314240359231
2024-05-28,11.4066,0.08766854277348203
2024-05-29,11.4404,0.08740953113527498
2024-05-30,11.425,0.087527352297593
2024-05-31,11.3728,0.08792909397861565
2024-06-03,11.409,0.08765010079761591
2024-06-04,11.5,0.08695652173913043
2024-06-05,11.4978,0.08697316008279846
2024-06-06,11.4855,0.08706630098820252
2024-06-07,11.5652,0.08646629543803824
2024-06-10,11.4572,0.08728136019271725
2024-06-11,11.488,0.08704735376044569
2024-06-12,11.428,0.08750437521876094
2024-06-13,11.4336,0.08746151693254968
2024-06-14,11.4258,0.08752122389679497
2024-06-17,11.4389,0.08742099327732561
2024-06-18,11.3577,0.08804599522790706
2024-06-19,11.3518,0.08809175637343857
2024-06-20,11.2886,0.08858494410290027
2024-06-21,11.2711,0.08872248493935818
2024-06-24,11.304,0.08846426043878274
2024-06-25,11.373,0.08792754770069464
2024-06-26,11.4066,0.08766854277348203
2024-06-27,11.3732,0.08792600147715682
2024-06-28,11.4312,0.08747987962768562
2024-07-01,11.448,0.08735150244584207
2024-07-02,11.4634,0.08723415391594116
2024-07-03,11.3861,0.08782638480252236
2024-07-04,11.4256,0.08752275591653831
2024-07-05,11.4394,0.08741717222931274
2024-07-08,11.4792,0.08711408460519897
2024-07-09,11.4632,0.08723567590201689
2024-07-10,11.5981,0.08622101896000206
2024-07-11,11.6383,0.08592320184219346
2024-07-12,11.7057,0.08542846647359834
2024-07-15,11.7757,0.08492064166036838
2024-07-16,11.7573,0.08505354120418804
2024-07-17,11.7246,0.08529075618784436
2024-07-18,11.767,0.08498342823149486
2024-07-19,11.8737,0.08421974616168507
2024-07-22,11.9115,0.08395248289468162
2024-07-23,11.9474,0.08370021929457455
2024-07-24,11.953,0.08366100560528739
2024-07-25,11.9646,0.08357989402069438
2024-07-26,11.977,0.08349336227769892
2024-07-29,11.9001,0.08403290728649339
2024-07-30,11.8372,0.08447943770486264
2024-07-31,11.79,0.08481764206955048
2024-08-01,11.8164,0.08462814393554721
2024-08-02,11.9249,0.08385814556096907
2024-08-05,12.0599,0.08291942719259694
2024-08-06,11.925,0.08385744234800838
2024-08-07,11.7966,0.08477018802027703
2024-08-08,11.8288,0.08453942918977411
2024-08-09,11.7865,0.08484282865990753
2024-08-12,11.8104,0.08467113730271625
2024-08-13,11.7887,0.08482699534299795
2024-08-14,11.7917,0.08480541397762832
2024-08-15,11.788,0.08483203257550051
2024-08-16,11.7642,0.08500365515717176
2024-08-19,11.6907,0.08553807727509902
2024-08-20,11.6777,0.08563330107812327
2024-08-21,11.7167,0.08534826358957727
2024-08-22,11.7746,0.08492857506836751
2024-08-23,11.701,0.0854627809588924
2024-08-26,11.7726,0.08494300324482272
2024-08-27,11.7041,0.08544014490648576
2024-08-28,11.6732,0.08566631257924134
2024-08-29,11.6308,0.08597860852219967
2024-08-30,11.7111,0.08538907532170334
2024-09-02,11.715,0.08536064874093043
2024-09-03,11.8032,0.0847227870408025
2024-09-04,11.779,0.08489685032685287
2024-09-05,11.7973,0.0847651581294025
2024-09-06,11.8817,0.08416304064233232
2024-09-09,11.9554,0.0836442109841578
2024-09-10,11.9468,0.08370442294170824
2024-09-11,11.9517,0.08367010550800304
2024-09-12,11.8618,0.08430423713095819
2024-09-13,11.7914,0.08480757161999423
2024-09-16,11.786,0.08484642796538266
2024-09-17,11.7919,0.08480397561037661
2024-09-18,11.7726,0.08494300324482272
2024-09-19,11.699,0.08547739123001966
2024-09-20,11.709,0.08540438978563498
2024-09-23,11.647,0.08585901948999743
2024-09-24,11.6256,0.08601706578585191
2024-09-25,11.7663,0.08498848406040982
2024-09-26,11.7633,0.08501015871396632
2024-09-27,11.7205,0.08532059212490935
2024-09-30,11.7413,0.08516944461005169
2024-10-01,11.7339,0.08522315683617553
2024-10-02,11.6658,0.08572065353426254
2024-10-03,11.6976,0.08548762139242239
2024-10-04,11.682,0.08560178051703475
2024-10-07,11.6763,0.08564356859621627
2024-10-08,11.7498,0.08510783162266591
2024-10-09,11.79,0.08481764206955048
2024-10-10,11.7412,0.08517016999965933
2024-10-11,11.6887,0.08555271330430245
2024-10-14,11.7818,0.08487667419239844
2024-10-15,11.7821,0.08487451303248147
2024-10-16,11.8553,0.08435045928825083
2024-10-17,11.8234,0.08457804015765347
2024-10-18,11.8692,0.08425167660836451
2024-10-21,11.8374,0.08447801037389967
2024-10-22,11.7848,0.08485506754463376
2024-10-23,11.8451,0.08442309478180851
2024-10-24,11.8339,0.08450299563119512
2024-10-25,11.8461,0.08441596812453044
2024-10-28,11.8814,0.08416516572121131
2024-10-29,11.8485,0.08439886905515466
2024-10-30,11.8979,0.08404844552400004
2024-10-31,11.9642,0.0835826883535882
2024-11-01,11.9787,0.08348151301894195
2024-11-04,11.963,0.08359107247345984
2024-11-05,11.9664,0.08356732183446985
2024-11-06,11.8828,0.08415524960447034
2024-11-07,11.7356,0.08521081154776919
2024-11-08,11.782,0.08487523340689188
2024-11-11,11.7564,0.08506005239699228
2024-11-12,11.7641,0.08500437772545287
2024-11-13,11.7643,0.08500293260117474
2024-11-14,11.7381,0.08519266320784455
2024-11-15,11.676,0.08564576909900651
2024-11-18,11.6361,0.08593944706559757
2024-11-19,11.6308,0.08597860852219967
2024-11-20,11.6411,0.08590253498380737
2024-11-21,11.5759,0.08638637168600281
2024-11-22,11.5237,0.08677768425071809
2024-11-25,11.634,0.08595495960116899
2024-11-26,11.6947,0.08550882023480723
2024-11-27,11.6805,0.08561277342579512
2024-11-28,11.6519,0.08582291300131309
2024-11-29,11.662,0.08574858514834505
2024-12-02,11.652,0.08582217645039479
2024-12-03,11.6262,0.08601262665359274
2024-12-04,11.6168,0.08608222574202878
2024-12-05,11.6798,0.08561790441617151
2024-12-06,11.788,0.08483203257550051
2024-12-09,11.7348,0.08521662064969152
2024-12-10,11.7358,0.08520935939603606
2024-12-11,11.6825,0.0855981168414295
2024-12-12,11.6985,0.08548104457836475
2024-12-13,11.6943,0.08551174503818099
2024-12-16,11.7229,0.08530312465345606
2024-12-17,11.7437,0.08515203896557302
2024-12-18,11.7879,0.08483275222898057
2024-12-19,11.856,0.08434547908232119
2024-12-20,11.8104,0.08467113730271625
2024-12-23,11.8183,0.08461453846999992
2024-12-24,11.7828,0.08486947075398038
2024-12-25,11.7828,0.08486947075398038
2024-12-26,11.8673,0.08426516562318304
2024-12-27,11.8245,0.08457017210030023
2024-12-30,11.7843,0.08485866788863149
2024-12-31,11.7689,0.0849697082989914
2025-01-01,11.7658,0.08499209573509663
2025-01-02,11.6932,0.08551978927923923
2025-01-03,11.7075,0.08541533205210336
2025-01-06,11.7314,0.0852413181717442
2025-01-07,11.718,0.08533879501621437
2025-01-08,11.7587,0.08504341466318556
2025-01-09,11.7186,0.08533442561398119
2025-01-10,11.7489,0.08511435113074414
2025-01-13,11.7006,0.0854657026135412
2025-01-14,11.7058,0.08542773667754447
2025-01-15,11.6542,0.08580597552813578
2025-01-16,11.7036,0.08544379507160191
2025-01-17,11.7571,0.08505498804977418
2025-01-20,11.7621,0.08501883167121517
2025-01-21,11.746,0.08513536523071684
2025-01-22,11.7393,0.08518395475028323
2025-01-23,11.7379,0.08519411479055027
2025-01-24,11.7401,0.08517815010093611
2025-01-27,11.7921,0.08480253729191578
2025-01-28,11.7601,0.08503329053324377
2025-01-29,11.762,0.08501955449753443
2025-01-30,11.7632,0.08501088139281829
2025-01-31,11.7099,0.08539782577135586
2025-02-03,11.7145,0.08536429211660763
2025-02-04,11.6633,0.08573902754794956
2025-02-05,11.6645,0.08573020703845
2025-02-06,11.6344,0.08595200440074263
2025-02-07,11.6019,0.08619277876899473
2025-02-10,11.5596,0.08650818367417558
2025-02-11,11.5994,0.08621135575978069
2025-02-12,11.6986,0.08548031388371258
2025-02-13,11.6428,0.08588999209812073
2025-02-14,11.657,0.08578536501672815
2025-02-17,11.639,0.08591803419537762
2025-02-18,11.6507,0.08583175259855631
2025-02-19,11.5952,0.08624258313785015
2025-02-20,11.644,0.08588114050154586
2025-02-21,11.6575,0.08578168561012224
2025-02-24,11.6295,0.0859882196139129
2025-02-25,11.6794,0.08562083668681611
2025-02-26,11.6825,0.0855981168414295
2025-02-27,11.6934,0.08551832657738553
2025-02-28,11.6774,0.08563550105331666
2025-03-03,11.7299,0.08525221868899138
2025-03-04,11.7684,0.0849733183780293
2025-03-05,11.7661,0.08498992869344983
2025-03-06,11.7372,0.0851991957195924
2025-03-07,11.7625,0.08501594048884166
2025-03-10,11.6511,0.08582880586382402
2025-03-11,11.614,0.08610297916307903
2025-03-12,11.5749,0.08639383493593898
2025-03-13,11.5933,0.08625671724185521
2025-03-14,11.5742,0.08639905997822744
2025-03-17,11.5174,0.08682515150988938
